cand,rate,name,point_cand,key,bytes,score
codlite,0.075,ff32adfa29d4b5de26293352f53cc983d12d3ededd71fe65ca0ef0d887be65c4,codlite,0_1250,45060,2.414282752662841
codlite,0.075,f67f11de4ca9ebda3db52c41fd3d26c3105687b2d37571e54631a1e4486d0b30,codlite,0_0312,13316,2.557590534555489
codlite,0.075,eda6d42794b0d0140628fa90fc0c14a7ba88159b8474d0077027c32ee2ddf6f0,codlite,0_0312,13316,0.9951220237964118
codlite,0.075,ebfd571f1c6824316047a29cb5f376eec15f56dd51821119c1842be068a8b950,codlite,0_0312,16388,1.5166725158051737
codlite,0.075,e0d8e29cadfc99663c7d1a4a5afe20c454ec54d0d873776ec397c59405c74790,codlite,0_0312,11268,2.1888150126087895
codlite,0.075,da52c4f66dc00c2f381e8475fbf8a7aa2c5433a9c59cc175646c62e02892faf7,codlite,0_1250,45060,1.3958539104860723
codlite,0.075,d0208a1e9b4fde642b9752da2907d82d5b530a6e2e6e18ef71d5524a92d1cf9a,codlite,0_0312,11268,0.7530487425920053
codlite,0.075,c9510efb03d1852c29ecad84cc0558768728681a3b9b04eae0dbbd9be142dd95,codlite,0_1250,45060,2.818145991847916
codlite,0.075,bb7344a2ba499b2d48b891abee1b903dc17d265437ac57028b5999b6cd5bcdc4,codlite,0_1250,32772,2.5269116379124625
codlite,0.075,b0b3744cc6b5ad6426b1ac02909b4389ea7fc4140d72a888ccdfb21f573a6db4,codlite,0_0312,11268,0.8195623430162003
codlite,0.075,a365e6541bab5c0f4e01bf43a0c3a655d88292a8ac45403a889c308d11854555,codlite,0_0312,11268,0.806864830259706
codlite,0.075,a2a946cc516f9eec0f141da3c31a96df94fe342c651af46f0d38f6c04400323a,codlite,0_1250,45060,2.1834471812588054
codlite,0.075,937476dd72f98638f34299dda5e9c252621b5e809c364692fc2934e000583286,codlite,0_0156,6148,-0.1677727821504637
codlite,0.075,86127fbdb368eb28c3039cf61aff1c4cfdc4ade24070c8f2389968d5ead681e1,codlite,0_1250,32772,1.4753307291215423
codlite,0.075,8426ed2245c791232862b0a0b2a62a1f17031e8e6e38921fe939df0b3a05ac41,codlite,0_0312,16388,2.952011957707309
codlite,0.075,79b1bb29124f590c2e99e6c71c18affe25115d594a821cadc58bf24bf94dae8d,codlite,0_1250,40964,1.5850497440382414
codlite,0.075,608cb09e6ffc66d4bc838d4088bf4c0ab889d7e83d4f5d78805cbc4497e432a1,codlite,0_0312,13316,0.7199672240126873
codlite,0.075,581048154e3c4b579c79155742dcf643c18b9bb47782aca7f0768eff185bc32e,codlite,0_0312,11780,0.9469104145447653
codlite,0.075,50fe4c3d47d864858e1aaa60fecef5c453b4e18d2b368718eeb5c1e249e0c902,codlite,0_1250,43012,1.6181693620150832
codlite,0.075,50d13125b665e0c4c1673264807bfc3cc7a217819329696843fea4c69aff8b91,codlite,0_0312,11268,3.224179240804504
codlite,0.075,4ebc0e6c463bcf8ada38673c268aae56d44864347fd74b81a9fb5659bf96a010,codlite,0_1250,45060,2.2449198547869877
codlite,0.075,2a760bf1ccea6998be3890dcc2371b23f35fe3006562884b45bc534a621d5c12,codlite,0_1250,30724,3.8383022211148927
codlite,0.075,2684452db505ddbbb53f42a3f3bcfe86fdd0d6d8d98c029db4b4c6fc1f55b750,codlite,0_1250,45060,2.0278426274452164
codlite,0.075,2397c73f8feeb8f630fe055da5551c671794afae80528e8612dc62fc0cf61294,codlite,0_1250,45060,2.094905738484155
codlite,0.075,1cba10ad9bb4ced57e42f7656c5f2a58d32dc6bad084957d2f8d1c78e0fcd224,codlite,0_0312,13316,2.544582679881718
codlite,0.075,1b4ad095795ac552b38a21d51be7bfaee8e7d0a70619d84767814321df4ed062,codlite,0_1250,38916,2.264611087058599
codlite,0.075,0d154749c7771f58e89ad343653ec4e20d6f037da829f47f5598e5d0a4ab61f0,codlite,0_1250,45060,1.9844860503985382
codlite,0.075,07b9f93f170a0381836bdf301280a5b80b2c4be6e66f793a3c335dc200fb4e5b,codlite,0_0312,11268,1.4826126298307951
codlite,0.075,0369d229ba4c9965d5caeb38c359a027a810968eee930b81520b604e76b4df14,codlite,0_0312,11268,2.1512325225089968
codlite,0.075,02809272b4ca9b08af45771501b741296187c7e26907efb44abbbfcb6cd804f7,codlite,0_1250,45060,1.6009987191339103
codlite,0.15,ff32adfa29d4b5de26293352f53cc983d12d3ededd71fe65ca0ef0d887be65c4,codlite,0_1250,45060,2.414282752662841
codlite,0.15,f67f11de4ca9ebda3db52c41fd3d26c3105687b2d37571e54631a1e4486d0b30,codlite,0_1250,53252,3.018125751213531
codlite,0.15,eda6d42794b0d0140628fa90fc0c14a7ba88159b8474d0077027c32ee2ddf6f0,codlite,0_1250,53252,1.6564501440362644
codlite,0.15,ebfd571f1c6824316047a29cb5f376eec15f56dd51821119c1842be068a8b950,codlite,0_1250,65540,2.029700180910087
codlite,0.15,e0d8e29cadfc99663c7d1a4a5afe20c454ec54d0d873776ec397c59405c74790,codlite,0_1250,45060,2.664925564493175
codlite,0.15,da52c4f66dc00c2f381e8475fbf8a7aa2c5433a9c59cc175646c62e02892faf7,codlite,0_5000,180228,2.8064896255848053
codlite,0.15,d0208a1e9b4fde642b9752da2907d82d5b530a6e2e6e18ef71d5524a92d1cf9a,codlite,0_1250,45060,1.257664700398815
codlite,0.15,c9510efb03d1852c29ecad84cc0558768728681a3b9b04eae0dbbd9be142dd95,codlite,0_1250,45060,2.818145991847916
codlite,0.15,bb7344a2ba499b2d48b891abee1b903dc17d265437ac57028b5999b6cd5bcdc4,codlite,0_1250,32772,2.5269116379124625
codlite,0.15,b0b3744cc6b5ad6426b1ac02909b4389ea7fc4140d72a888ccdfb21f573a6db4,codlite,0_1250,45060,1.3920260258444537
codlite,0.15,a365e6541bab5c0f4e01bf43a0c3a655d88292a8ac45403a889c308d11854555,codlite,0_1250,45060,1.4276616518138634
codlite,0.15,a2a946cc516f9eec0f141da3c31a96df94fe342c651af46f0d38f6c04400323a,codlite,0_1250,45060,2.1834471812588054
codlite,0.15,937476dd72f98638f34299dda5e9c252621b5e809c364692fc2934e000583286,codlite,0_1250,49156,0.4989264875759987
codlite,0.15,86127fbdb368eb28c3039cf61aff1c4cfdc4ade24070c8f2389968d5ead681e1,codlite,0_5000,131076,2.698782176765861
codlite,0.15,8426ed2245c791232862b0a0b2a62a1f17031e8e6e38921fe939df0b3a05ac41,codlite,0_1250,65540,3.5677510823221263
codlite,0.15,79b1bb29124f590c2e99e6c71c18affe25115d594a821cadc58bf24bf94dae8d,codlite,0_1250,40964,1.5850497440382414
codlite,0.15,608cb09e6ffc66d4bc838d4088bf4c0ab889d7e83d4f5d78805cbc4497e432a1,codlite,0_1250,53252,1.5435270749336147
codlite,0.15,581048154e3c4b579c79155742dcf643c18b9bb47782aca7f0768eff185bc32e,codlite,0_1250,47108,1.5997046396680215
codlite,0.15,50fe4c3d47d864858e1aaa60fecef5c453b4e18d2b368718eeb5c1e249e0c902,codlite,0_1250,43012,1.6181693620150832
codlite,0.15,50d13125b665e0c4c1673264807bfc3cc7a217819329696843fea4c69aff8b91,codlite,0_1250,45060,3.6078716546857885
codlite,0.15,4ebc0e6c463bcf8ada38673c268aae56d44864347fd74b81a9fb5659bf96a010,codlite,0_1250,45060,2.2449198547869877
codlite,0.15,2a760bf1ccea6998be3890dcc2371b23f35fe3006562884b45bc534a621d5c12,codlite,0_1250,30724,3.8383022211148927
codlite,0.15,2684452db505ddbbb53f42a3f3bcfe86fdd0d6d8d98c029db4b4c6fc1f55b750,codlite,0_1250,45060,2.0278426274452164
codlite,0.15,2397c73f8feeb8f630fe055da5551c671794afae80528e8612dc62fc0cf61294,codlite,0_1250,45060,2.094905738484155
codlite,0.15,1cba10ad9bb4ced57e42f7656c5f2a58d32dc6bad084957d2f8d1c78e0fcd224,codlite,0_1250,53252,3.061625328185801
codlite,0.15,1b4ad095795ac552b38a21d51be7bfaee8e7d0a70619d84767814321df4ed062,codlite,0_1250,38916,2.264611087058599
codlite,0.15,0d154749c7771f58e89ad343653ec4e20d6f037da829f47f5598e5d0a4ab61f0,codlite,0_1250,45060,1.9844860503985382
codlite,0.15,07b9f93f170a0381836bdf301280a5b80b2c4be6e66f793a3c335dc200fb4e5b,codlite,0_1250,45060,1.9971912599367863
codlite,0.15,0369d229ba4c9965d5caeb38c359a027a810968eee930b81520b604e76b4df14,codlite,0_1250,45060,2.740205044844237
codlite,0.15,02809272b4ca9b08af45771501b741296187c7e26907efb44abbbfcb6cd804f7,codlite,0_1250,45060,1.6009987191339103
codlite,0.3,ff32adfa29d4b5de26293352f53cc983d12d3ededd71fe65ca0ef0d887be65c4,codlite,0_5000,180228,3.528434414969187
codlite,0.3,f67f11de4ca9ebda3db52c41fd3d26c3105687b2d37571e54631a1e4486d0b30,codlite,0_1250,53252,3.018125751213531
codlite,0.3,eda6d42794b0d0140628fa90fc0c14a7ba88159b8474d0077027c32ee2ddf6f0,codlite,0_1250,53252,1.6564501440362644
codlite,0.3,ebfd571f1c6824316047a29cb5f376eec15f56dd51821119c1842be068a8b950,codlite,0_1250,65540,2.029700180910087
codlite,0.3,e0d8e29cadfc99663c7d1a4a5afe20c454ec54d0d873776ec397c59405c74790,codlite,0_5000,180228,3.668635228700757
codlite,0.3,da52c4f66dc00c2f381e8475fbf8a7aa2c5433a9c59cc175646c62e02892faf7,codlite,0_5000,180228,2.8064896255848053
codlite,0.3,d0208a1e9b4fde642b9752da2907d82d5b530a6e2e6e18ef71d5524a92d1cf9a,codlite,0_1250,45060,1.257664700398815
codlite,0.3,c9510efb03d1852c29ecad84cc0558768728681a3b9b04eae0dbbd9be142dd95,codlite,0_5000,180228,3.9484984664945726
codlite,0.3,bb7344a2ba499b2d48b891abee1b903dc17d265437ac57028b5999b6cd5bcdc4,codlite,0_5000,131076,3.5259347842709152
codlite,0.3,b0b3744cc6b5ad6426b1ac02909b4389ea7fc4140d72a888ccdfb21f573a6db4,codlite,0_1250,45060,1.3920260258444537
codlite,0.3,a365e6541bab5c0f4e01bf43a0c3a655d88292a8ac45403a889c308d11854555,codlite,0_5000,180228,2.4959268668698735
codlite,0.3,a2a946cc516f9eec0f141da3c31a96df94fe342c651af46f0d38f6c04400323a,codlite,0_5000,180228,3.373595978526451
codlite,0.3,937476dd72f98638f34299dda5e9c252621b5e809c364692fc2934e000583286,codlite,0_5000,196612,1.7231552126248668
codlite,0.3,86127fbdb368eb28c3039cf61aff1c4cfdc4ade24070c8f2389968d5ead681e1,codlite,0_5000,131076,2.698782176765861
codlite,0.3,8426ed2245c791232862b0a0b2a62a1f17031e8e6e38921fe939df0b3a05ac41,codlite,0_1250,65540,3.5677510823221263
codlite,0.3,79b1bb29124f590c2e99e6c71c18affe25115d594a821cadc58bf24bf94dae8d,codlite,0_1250,40964,1.5850497440382414
codlite,0.3,608cb09e6ffc66d4bc838d4088bf4c0ab889d7e83d4f5d78805cbc4497e432a1,codlite,0_5000,212996,2.6221222533456676
codlite,0.3,581048154e3c4b579c79155742dcf643c18b9bb47782aca7f0768eff185bc32e,codlite,0_1250,47108,1.5997046396680215
codlite,0.3,50fe4c3d47d864858e1aaa60fecef5c453b4e18d2b368718eeb5c1e249e0c902,codlite,0_5000,172036,2.7962379354130165
codlite,0.3,50d13125b665e0c4c1673264807bfc3cc7a217819329696843fea4c69aff8b91,codlite,0_1250,45060,3.6078716546857885
codlite,0.3,4ebc0e6c463bcf8ada38673c268aae56d44864347fd74b81a9fb5659bf96a010,codlite,0_1250,45060,2.2449198547869877
codlite,0.3,2a760bf1ccea6998be3890dcc2371b23f35fe3006562884b45bc534a621d5c12,codlite,0_1250,30724,3.8383022211148927
codlite,0.3,2684452db505ddbbb53f42a3f3bcfe86fdd0d6d8d98c029db4b4c6fc1f55b750,codlite,0_5000,180228,3.177895469700178
codlite,0.3,2397c73f8feeb8f630fe055da5551c671794afae80528e8612dc62fc0cf61294,codlite,0_5000,180228,3.3214044367352664
codlite,0.3,1cba10ad9bb4ced57e42f7656c5f2a58d32dc6bad084957d2f8d1c78e0fcd224,codlite,0_1250,53252,3.061625328185801
codlite,0.3,1b4ad095795ac552b38a21d51be7bfaee8e7d0a70619d84767814321df4ed062,codlite,0_1250,38916,2.264611087058599
codlite,0.3,0d154749c7771f58e89ad343653ec4e20d6f037da829f47f5598e5d0a4ab61f0,codlite,0_1250,45060,1.9844860503985382
codlite,0.3,07b9f93f170a0381836bdf301280a5b80b2c4be6e66f793a3c335dc200fb4e5b,codlite,0_1250,45060,1.9971912599367863
codlite,0.3,0369d229ba4c9965d5caeb38c359a027a810968eee930b81520b604e76b4df14,codlite,0_1250,45060,2.740205044844237
codlite,0.3,02809272b4ca9b08af45771501b741296187c7e26907efb44abbbfcb6cd804f7,codlite,0_5000,180228,2.9949502395435457
mbt,0.15,ff32adfa29d4b5de26293352f53cc983d12d3ededd71fe65ca0ef0d887be65c4,mbt,q2,46544,2.2407078651458887
mbt,0.15,f67f11de4ca9ebda3db52c41fd3d26c3105687b2d37571e54631a1e4486d0b30,mbt,q1,9064,2.0347070720894527
mbt,0.15,eda6d42794b0d0140628fa90fc0c14a7ba88159b8474d0077027c32ee2ddf6f0,mbt,q1,63832,1.3259885117172239
mbt,0.15,ebfd571f1c6824316047a29cb5f376eec15f56dd51821119c1842be068a8b950,mbt,q2,111160,3.3935345843218734
mbt,0.15,e0d8e29cadfc99663c7d1a4a5afe20c454ec54d0d873776ec397c59405c74790,mbt,q2,26044,2.314247450766726
mbt,0.15,da52c4f66dc00c2f381e8475fbf8a7aa2c5433a9c59cc175646c62e02892faf7,mbt,q1,85216,1.7677151960285082
mbt,0.15,d0208a1e9b4fde642b9752da2907d82d5b530a6e2e6e18ef71d5524a92d1cf9a,mbt,q1,78544,1.2783805621859046
mbt,0.15,c9510efb03d1852c29ecad84cc0558768728681a3b9b04eae0dbbd9be142dd95,mbt,q3,47084,2.9540812165832335
mbt,0.15,bb7344a2ba499b2d48b891abee1b903dc17d265437ac57028b5999b6cd5bcdc4,mbt,q4,48676,3.6108793407353983
mbt,0.15,b0b3744cc6b5ad6426b1ac02909b4389ea7fc4140d72a888ccdfb21f573a6db4,mbt,q1,70416,1.4143300262870875
mbt,0.15,a365e6541bab5c0f4e01bf43a0c3a655d88292a8ac45403a889c308d11854555,mbt,q1,71736,1.2559884904792973
mbt,0.15,a2a946cc516f9eec0f141da3c31a96df94fe342c651af46f0d38f6c04400323a,mbt,q2,51792,2.2452235422514137
mbt,0.15,937476dd72f98638f34299dda5e9c252621b5e809c364692fc2934e000583286,mbt,q1,224900,1.480198317990168
mbt,0.15,86127fbdb368eb28c3039cf61aff1c4cfdc4ade24070c8f2389968d5ead681e1,mbt,q1,51140,1.4277480188155107
mbt,0.15,8426ed2245c791232862b0a0b2a62a1f17031e8e6e38921fe939df0b3a05ac41,mbt,q3,20172,2.6871697531137926
mbt,0.15,79b1bb29124f590c2e99e6c71c18affe25115d594a821cadc58bf24bf94dae8d,mbt,q1,60112,1.4304750534841937
mbt,0.15,608cb09e6ffc66d4bc838d4088bf4c0ab889d7e83d4f5d78805cbc4497e432a1,mbt,q1,66088,1.2973220859972237
mbt,0.15,581048154e3c4b579c79155742dcf643c18b9bb47782aca7f0768eff185bc32e,mbt,q1,54616,1.2881438018553588
mbt,0.15,50fe4c3d47d864858e1aaa60fecef5c453b4e18d2b368718eeb5c1e249e0c902,mbt,q1,70180,1.627092368682546
mbt,0.15,50d13125b665e0c4c1673264807bfc3cc7a217819329696843fea4c69aff8b91,mbt,q4,37652,3.9889259668996733
mbt,0.15,4ebc0e6c463bcf8ada38673c268aae56d44864347fd74b81a9fb5659bf96a010,mbt,q2,30092,1.737463712957816
mbt,0.15,2a760bf1ccea6998be3890dcc2371b23f35fe3006562884b45bc534a621d5c12,mbt,q4,17684,3.870698868765759
mbt,0.15,2684452db505ddbbb53f42a3f3bcfe86fdd0d6d8d98c029db4b4c6fc1f55b750,mbt,q1,33800,1.502742805175931
mbt,0.15,2397c73f8feeb8f630fe055da5551c671794afae80528e8612dc62fc0cf61294,mbt,q1,37140,1.979974325922305
mbt,0.15,1cba10ad9bb4ced57e42f7656c5f2a58d32dc6bad084957d2f8d1c78e0fcd224,mbt,q3,22656,2.440315992843839
mbt,0.15,1b4ad095795ac552b38a21d51be7bfaee8e7d0a70619d84767814321df4ed062,mbt,q1,18296,1.4751031061927826
mbt,0.15,0d154749c7771f58e89ad343653ec4e20d6f037da829f47f5598e5d0a4ab61f0,mbt,q1,25928,1.1746810679385602
mbt,0.15,07b9f93f170a0381836bdf301280a5b80b2c4be6e66f793a3c335dc200fb4e5b,mbt,q1,37476,1.5950660673508539
mbt,0.15,0369d229ba4c9965d5caeb38c359a027a810968eee930b81520b604e76b4df14,mbt,q2,22016,1.9936122305483936
mbt,0.15,02809272b4ca9b08af45771501b741296187c7e26907efb44abbbfcb6cd804f7,mbt,q1,74716,1.7374309462162876
mbt,0.3,ff32adfa29d4b5de26293352f53cc983d12d3ededd71fe65ca0ef0d887be65c4,mbt,q4,89180,2.9359999237558227
mbt,0.3,f67f11de4ca9ebda3db52c41fd3d26c3105687b2d37571e54631a1e4486d0b30,mbt,q4,32164,2.3888321668595625
mbt,0.3,eda6d42794b0d0140628fa90fc0c14a7ba88159b8474d0077027c32ee2ddf6f0,mbt,q1,63832,1.3259885117172239
mbt,0.3,ebfd571f1c6824316047a29cb5f376eec15f56dd51821119c1842be068a8b950,mbt,q4,198828,4.420955470369935
mbt,0.3,e0d8e29cadfc99663c7d1a4a5afe20c454ec54d0d873776ec397c59405c74790,mbt,q4,66684,2.9824803204717716
mbt,0.3,da52c4f66dc00c2f381e8475fbf8a7aa2c5433a9c59cc175646c62e02892faf7,mbt,q3,172124,2.6005666777383327
mbt,0.3,d0208a1e9b4fde642b9752da2907d82d5b530a6e2e6e18ef71d5524a92d1cf9a,mbt,q2,136840,1.7371678561376431
mbt,0.3,c9510efb03d1852c29ecad84cc0558768728681a3b9b04eae0dbbd9be142dd95,mbt,q4,63880,3.2903035953109283
mbt,0.3,bb7344a2ba499b2d48b891abee1b903dc17d265437ac57028b5999b6cd5bcdc4,mbt,q4,48676,3.6108793407353983
mbt,0.3,b0b3744cc6b5ad6426b1ac02909b4389ea7fc4140d72a888ccdfb21f573a6db4,mbt,q3,167532,2.227808864159195
mbt,0.3,a365e6541bab5c0f4e01bf43a0c3a655d88292a8ac45403a889c308d11854555,mbt,q2,115812,1.6504357708321835
mbt,0.3,a2a946cc516f9eec0f141da3c31a96df94fe342c651af46f0d38f6c04400323a,mbt,q4,103476,3.031457101014492
mbt,0.3,937476dd72f98638f34299dda5e9c252621b5e809c364692fc2934e000583286,mbt,q1,224900,1.480198317990168
mbt,0.3,86127fbdb368eb28c3039cf61aff1c4cfdc4ade24070c8f2389968d5ead681e1,mbt,q4,167456,2.5897015026177854
mbt,0.3,8426ed2245c791232862b0a0b2a62a1f17031e8e6e38921fe939df0b3a05ac41,mbt,q4,30020,2.8834892506602814
mbt,0.3,79b1bb29124f590c2e99e6c71c18affe25115d594a821cadc58bf24bf94dae8d,mbt,q2,93200,1.7843550236509271
mbt,0.3,608cb09e6ffc66d4bc838d4088bf4c0ab889d7e83d4f5d78805cbc4497e432a1,mbt,q3,139464,1.9558717243540962
mbt,0.3,581048154e3c4b579c79155742dcf643c18b9bb47782aca7f0768eff185bc32e,mbt,q3,139924,1.9591120480249287
mbt,0.3,50fe4c3d47d864858e1aaa60fecef5c453b4e18d2b368718eeb5c1e249e0c902,mbt,q4,218816,2.882134259331019
mbt,0.3,50d13125b665e0c4c1673264807bfc3cc7a217819329696843fea4c69aff8b91,mbt,q4,37652,3.9889259668996733
mbt,0.3,4ebc0e6c463bcf8ada38673c268aae56d44864347fd74b81a9fb5659bf96a010,mbt,q4,68776,2.1163949145648733
mbt,0.3,2a760bf1ccea6998be3890dcc2371b23f35fe3006562884b45bc534a621d5c12,mbt,q4,17684,3.870698868765759
mbt,0.3,2684452db505ddbbb53f42a3f3bcfe86fdd0d6d8d98c029db4b4c6fc1f55b750,mbt,q4,109528,2.4447675581669333
mbt,0.3,2397c73f8feeb8f630fe055da5551c671794afae80528e8612dc62fc0cf61294,mbt,q4,116012,3.046581836601447
mbt,0.3,1cba10ad9bb4ced57e42f7656c5f2a58d32dc6bad084957d2f8d1c78e0fcd224,mbt,q4,35312,2.673284033050707
mbt,0.3,1b4ad095795ac552b38a21d51be7bfaee8e7d0a70619d84767814321df4ed062,mbt,q4,92628,2.569197614898199
mbt,0.3,0d154749c7771f58e89ad343653ec4e20d6f037da829f47f5598e5d0a4ab61f0,mbt,q4,109628,2.0253464650837487
mbt,0.3,07b9f93f170a0381836bdf301280a5b80b2c4be6e66f793a3c335dc200fb4e5b,mbt,q3,98292,2.2610219920249066
mbt,0.3,0369d229ba4c9965d5caeb38c359a027a810968eee930b81520b604e76b4df14,mbt,q4,51588,2.532067946691192
mbt,0.3,02809272b4ca9b08af45771501b741296187c7e26907efb44abbbfcb6cd804f7,mbt,q4,221072,3.0699974288135565
msillm,0.075,ff32adfa29d4b5de26293352f53cc983d12d3ededd71fe65ca0ef0d887be65c4,msillm,q3,45636,2.7568907156023004
msillm,0.075,f67f11de4ca9ebda3db52c41fd3d26c3105687b2d37571e54631a1e4486d0b30,msillm,q1,6560,2.5239561989949717
msillm,0.075,eda6d42794b0d0140628fa90fc0c14a7ba88159b8474d0077027c32ee2ddf6f0,msillm,q1,21476,1.2403052092029065
msillm,0.075,ebfd571f1c6824316047a29cb5f376eec15f56dd51821119c1842be068a8b950,msillm,q2,35716,3.1546736648973583
msillm,0.075,e0d8e29cadfc99663c7d1a4a5afe20c454ec54d0d873776ec397c59405c74790,msillm,q3,29072,2.733121139217893
msillm,0.075,da52c4f66dc00c2f381e8475fbf8a7aa2c5433a9c59cc175646c62e02892faf7,msillm,q1,33260,1.1681452676240014
msillm,0.075,d0208a1e9b4fde642b9752da2907d82d5b530a6e2e6e18ef71d5524a92d1cf9a,msillm,q1,18380,0.7971679178073083
msillm,0.075,c9510efb03d1852c29ecad84cc0558768728681a3b9b04eae0dbbd9be142dd95,msillm,q3,38208,3.1217814889507496
msillm,0.075,bb7344a2ba499b2d48b891abee1b903dc17d265437ac57028b5999b6cd5bcdc4,msillm,q4,39608,3.8502318905425312
msillm,0.075,b0b3744cc6b5ad6426b1ac02909b4389ea7fc4140d72a888ccdfb21f573a6db4,msillm,q1,19792,1.0356514161995722
msillm,0.075,a365e6541bab5c0f4e01bf43a0c3a655d88292a8ac45403a889c308d11854555,msillm,q1,19976,0.9856394543489941
msillm,0.075,a2a946cc516f9eec0f141da3c31a96df94fe342c651af46f0d38f6c04400323a,msillm,q3,44960,2.6030494854951156
msillm,0.075,937476dd72f98638f34299dda5e9c252621b5e809c364692fc2934e000583286,msillm,q1,37336,0.560181612874436
msillm,0.075,86127fbdb368eb28c3039cf61aff1c4cfdc4ade24070c8f2389968d5ead681e1,msillm,q2,30720,1.4216297970518461
msillm,0.075,8426ed2245c791232862b0a0b2a62a1f17031e8e6e38921fe939df0b3a05ac41,msillm,q2,17960,3.1888357483319862
msillm,0.075,79b1bb29124f590c2e99e6c71c18affe25115d594a821cadc58bf24bf94dae8d,msillm,q1,17424,1.2068820018684003
msillm,0.075,608cb09e6ffc66d4bc838d4088bf4c0ab889d7e83d4f5d78805cbc4497e432a1,msillm,q1,24368,1.0927779864222558
msillm,0.075,581048154e3c4b579c79155742dcf643c18b9bb47782aca7f0768eff185bc32e,msillm,q1,18204,1.1253860696156863
msillm,0.075,50fe4c3d47d864858e1aaa60fecef5c453b4e18d2b368718eeb5c1e249e0c902,msillm,q1,24292,1.2341530078757503
msillm,0.075,50d13125b665e0c4c1673264807bfc3cc7a217819329696843fea4c69aff8b91,msillm,q5,35340,4.702489294693278
msillm,0.075,4ebc0e6c463bcf8ada38673c268aae56d44864347fd74b81a9fb5659bf96a010,msillm,q2,19288,2.13260853619554
msillm,0.075,2a760bf1ccea6998be3890dcc2371b23f35fe3006562884b45bc534a621d5c12,msillm,q5,29692,4.952683054351247
msillm,0.075,2684452db505ddbbb53f42a3f3bcfe86fdd0d6d8d98c029db4b4c6fc1f55b750,msillm,q2,24792,1.853402187799078
msillm,0.075,2397c73f8feeb8f630fe055da5551c671794afae80528e8612dc62fc0cf61294,msillm,q3,45132,2.5590816244526113
msillm,0.075,1cba10ad9bb4ced57e42f7656c5f2a58d32dc6bad084957d2f8d1c78e0fcd224,msillm,q2,14488,2.8101470104115998
msillm,0.075,1b4ad095795ac552b38a21d51be7bfaee8e7d0a70619d84767814321df4ed062,msillm,q2,15876,1.9417534218532957
msillm,0.075,0d154749c7771f58e89ad343653ec4e20d6f037da829f47f5598e5d0a4ab61f0,msillm,q2,23648,1.7412049089477133
msillm,0.075,07b9f93f170a0381836bdf301280a5b80b2c4be6e66f793a3c335dc200fb4e5b,msillm,q2,22216,1.8209773969901302
msillm,0.075,0369d229ba4c9965d5caeb38c359a027a810968eee930b81520b604e76b4df14,msillm,q3,27628,2.7815327011061832
msillm,0.075,02809272b4ca9b08af45771501b741296187c7e26907efb44abbbfcb6cd804f7,msillm,q1,26680,1.254348790743683
msillm,0.15,ff32adfa29d4b5de26293352f53cc983d12d3ededd71fe65ca0ef0d887be65c4,msillm,q3,45636,2.7568907156023004
msillm,0.15,f67f11de4ca9ebda3db52c41fd3d26c3105687b2d37571e54631a1e4486d0b30,msillm,q4,55188,3.365063517703047
msillm,0.15,eda6d42794b0d0140628fa90fc0c14a7ba88159b8474d0077027c32ee2ddf6f0,msillm,q2,37780,1.5311349749466752
msillm,0.15,ebfd571f1c6824316047a29cb5f376eec15f56dd51821119c1842be068a8b950,msillm,q4,98556,4.312763088888897
msillm,0.15,e0d8e29cadfc99663c7d1a4a5afe20c454ec54d0d873776ec397c59405c74790,msillm,q5,81644,3.6584438845125806
msillm,0.15,da52c4f66dc00c2f381e8475fbf8a7aa2c5433a9c59cc175646c62e02892faf7,msillm,q2,53260,1.5682870591948785
msillm,0.15,d0208a1e9b4fde642b9752da2907d82d5b530a6e2e6e18ef71d5524a92d1cf9a,msillm,q2,38124,1.1606531815439172
msillm,0.15,c9510efb03d1852c29ecad84cc0558768728681a3b9b04eae0dbbd9be142dd95,msillm,q4,70904,3.697114962318062
msillm,0.15,bb7344a2ba499b2d48b891abee1b903dc17d265437ac57028b5999b6cd5bcdc4,msillm,q5,55040,4.217526631858848
msillm,0.15,b0b3744cc6b5ad6426b1ac02909b4389ea7fc4140d72a888ccdfb21f573a6db4,msillm,q3,69656,1.8552933149273405
msillm,0.15,a365e6541bab5c0f4e01bf43a0c3a655d88292a8ac45403a889c308d11854555,msillm,q2,37084,1.2919732844690575
msillm,0.15,a2a946cc516f9eec0f141da3c31a96df94fe342c651af46f0d38f6c04400323a,msillm,q4,83288,3.1922074595018906
msillm,0.15,937476dd72f98638f34299dda5e9c252621b5e809c364692fc2934e000583286,msillm,q1,37336,0.560181612874436
msillm,0.15,86127fbdb368eb28c3039cf61aff1c4cfdc4ade24070c8f2389968d5ead681e1,msillm,q3,54864,1.8326498782163725
msillm,0.15,8426ed2245c791232862b0a0b2a62a1f17031e8e6e38921fe939df0b3a05ac41,msillm,q3,38904,3.5834984925883413
msillm,0.15,79b1bb29124f590c2e99e6c71c18affe25115d594a821cadc58bf24bf94dae8d,msillm,q3,54440,1.9036074833062093
msillm,0.15,608cb09e6ffc66d4bc838d4088bf4c0ab889d7e83d4f5d78805cbc4497e432a1,msillm,q3,74656,1.9353267537064907
msillm,0.15,581048154e3c4b579c79155742dcf643c18b9bb47782aca7f0768eff185bc32e,msillm,q2,34704,1.4410868870567675
msillm,0.15,50fe4c3d47d864858e1aaa60fecef5c453b4e18d2b368718eeb5c1e249e0c902,msillm,q3,71032,2.041740376761405
msillm,0.15,50d13125b665e0c4c1673264807bfc3cc7a217819329696843fea4c69aff8b91,msillm,q5,35340,4.702489294693278
msillm,0.15,4ebc0e6c463bcf8ada38673c268aae56d44864347fd74b81a9fb5659bf96a010,msillm,q3,38504,2.4793032831304447
msillm,0.15,2a760bf1ccea6998be3890dcc2371b23f35fe3006562884b45bc534a621d5c12,msillm,q5,29692,4.952683054351247
msillm,0.15,2684452db505ddbbb53f42a3f3bcfe86fdd0d6d8d98c029db4b4c6fc1f55b750,msillm,q3,46844,2.2946563261911015
msillm,0.15,2397c73f8feeb8f630fe055da5551c671794afae80528e8612dc62fc0cf61294,msillm,q4,82380,3.0921521134760668
msillm,0.15,1cba10ad9bb4ced57e42f7656c5f2a58d32dc6bad084957d2f8d1c78e0fcd224,msillm,q3,29908,3.1358479405898496
msillm,0.15,1b4ad095795ac552b38a21d51be7bfaee8e7d0a70619d84767814321df4ed062,msillm,q3,33760,2.348681154183248
msillm,0.15,0d154749c7771f58e89ad343653ec4e20d6f037da829f47f5598e5d0a4ab61f0,msillm,q3,48760,2.134513776933993
msillm,0.15,07b9f93f170a0381836bdf301280a5b80b2c4be6e66f793a3c335dc200fb4e5b,msillm,q3,44140,2.1752239782056604
msillm,0.15,0369d229ba4c9965d5caeb38c359a027a810968eee930b81520b604e76b4df14,msillm,q4,55632,3.1795532308718455
msillm,0.15,02809272b4ca9b08af45771501b741296187c7e26907efb44abbbfcb6cd804f7,msillm,q3,78284,2.218468375942855
msillm,0.3,ff32adfa29d4b5de26293352f53cc983d12d3ededd71fe65ca0ef0d887be65c4,msillm,q5,120572,3.7040462053101706
msillm,0.3,f67f11de4ca9ebda3db52c41fd3d26c3105687b2d37571e54631a1e4486d0b30,msillm,q5,76308,3.607157002905619
msillm,0.3,eda6d42794b0d0140628fa90fc0c14a7ba88159b8474d0077027c32ee2ddf6f0,msillm,q3,70132,1.8898269988403416
msillm,0.3,ebfd571f1c6824316047a29cb5f376eec15f56dd51821119c1842be068a8b950,msillm,q5,138892,4.610450114123654
msillm,0.3,e0d8e29cadfc99663c7d1a4a5afe20c454ec54d0d873776ec397c59405c74790,msillm,q5,81644,3.6584438845125806
msillm,0.3,da52c4f66dc00c2f381e8475fbf8a7aa2c5433a9c59cc175646c62e02892faf7,msillm,q4,147196,2.6471600548484213
msillm,0.3,d0208a1e9b4fde642b9752da2907d82d5b530a6e2e6e18ef71d5524a92d1cf9a,msillm,q4,142968,2.0587667980112263
msillm,0.3,c9510efb03d1852c29ecad84cc0558768728681a3b9b04eae0dbbd9be142dd95,msillm,q5,94252,4.00471684874195
msillm,0.3,bb7344a2ba499b2d48b891abee1b903dc17d265437ac57028b5999b6cd5bcdc4,msillm,q5,55040,4.217526631858848
msillm,0.3,b0b3744cc6b5ad6426b1ac02909b4389ea7fc4140d72a888ccdfb21f573a6db4,msillm,q5,168880,2.590972888701245
msillm,0.3,a365e6541bab5c0f4e01bf43a0c3a655d88292a8ac45403a889c308d11854555,msillm,q4,134664,2.26345970971355
msillm,0.3,a2a946cc516f9eec0f141da3c31a96df94fe342c651af46f0d38f6c04400323a,msillm,q5,118172,3.552023678514966
msillm,0.3,937476dd72f98638f34299dda5e9c252621b5e809c364692fc2934e000583286,msillm,q3,146060,1.7264413093345143
msillm,0.3,86127fbdb368eb28c3039cf61aff1c4cfdc4ade24070c8f2389968d5ead681e1,msillm,q5,146892,2.73259773631255
msillm,0.3,8426ed2245c791232862b0a0b2a62a1f17031e8e6e38921fe939df0b3a05ac41,msillm,q4,79932,4.042622618125815
msillm,0.3,79b1bb29124f590c2e99e6c71c18affe25115d594a821cadc58bf24bf94dae8d,msillm,q4,96672,2.3059578224264836
msillm,0.3,608cb09e6ffc66d4bc838d4088bf4c0ab889d7e83d4f5d78805cbc4497e432a1,msillm,q4,137356,2.445309806642556
msillm,0.3,581048154e3c4b579c79155742dcf643c18b9bb47782aca7f0768eff185bc32e,msillm,q4,129416,2.391220408140587
msillm,0.3,50fe4c3d47d864858e1aaa60fecef5c453b4e18d2b368718eeb5c1e249e0c902,msillm,q4,127984,2.617240675083596
msillm,0.3,50d13125b665e0c4c1673264807bfc3cc7a217819329696843fea4c69aff8b91,msillm,q5,35340,4.702489294693278
msillm,0.3,4ebc0e6c463bcf8ada38673c268aae56d44864347fd74b81a9fb5659bf96a010,msillm,q4,75996,2.8454642118915427
msillm,0.3,2a760bf1ccea6998be3890dcc2371b23f35fe3006562884b45bc534a621d5c12,msillm,q5,29692,4.952683054351247
msillm,0.3,2684452db505ddbbb53f42a3f3bcfe86fdd0d6d8d98c029db4b4c6fc1f55b750,msillm,q5,134152,3.1732189031918376
msillm,0.3,2397c73f8feeb8f630fe055da5551c671794afae80528e8612dc62fc0cf61294,msillm,q5,116052,3.461885063441148
msillm,0.3,1cba10ad9bb4ced57e42f7656c5f2a58d32dc6bad084957d2f8d1c78e0fcd224,msillm,q5,80828,3.729222706454534
msillm,0.3,1b4ad095795ac552b38a21d51be7bfaee8e7d0a70619d84767814321df4ed062,msillm,q5,103208,3.254302919565256
msillm,0.3,0d154749c7771f58e89ad343653ec4e20d6f037da829f47f5598e5d0a4ab61f0,msillm,q4,103116,2.6347502973950645
msillm,0.3,07b9f93f170a0381836bdf301280a5b80b2c4be6e66f793a3c335dc200fb4e5b,msillm,q5,121660,2.940006448783433
msillm,0.3,0369d229ba4c9965d5caeb38c359a027a810968eee930b81520b604e76b4df14,msillm,q5,77052,3.423064282648695
msillm,0.3,02809272b4ca9b08af45771501b741296187c7e26907efb44abbbfcb6cd804f7,msillm,q4,135140,2.829177686379225
mix,0.075,ff32adfa29d4b5de26293352f53cc983d12d3ededd71fe65ca0ef0d887be65c4,msillm,q3,45636,2.7568907156023004
mix,0.075,f67f11de4ca9ebda3db52c41fd3d26c3105687b2d37571e54631a1e4486d0b30,msillm,q2,13492,2.6845350865588697
mix,0.075,eda6d42794b0d0140628fa90fc0c14a7ba88159b8474d0077027c32ee2ddf6f0,msillm,q1,21476,1.2403052092029065
mix,0.075,ebfd571f1c6824316047a29cb5f376eec15f56dd51821119c1842be068a8b950,msillm,q2,35716,3.1546736648973583
mix,0.075,e0d8e29cadfc99663c7d1a4a5afe20c454ec54d0d873776ec397c59405c74790,msillm,q3,29072,2.733121139217893
mix,0.075,da52c4f66dc00c2f381e8475fbf8a7aa2c5433a9c59cc175646c62e02892faf7,msillm,q1,33260,1.1681452676240014
mix,0.075,d0208a1e9b4fde642b9752da2907d82d5b530a6e2e6e18ef71d5524a92d1cf9a,codlite,0_0312,11268,0.7530487425920053
mix,0.075,c9510efb03d1852c29ecad84cc0558768728681a3b9b04eae0dbbd9be142dd95,msillm,q3,38208,3.1217814889507496
mix,0.075,bb7344a2ba499b2d48b891abee1b903dc17d265437ac57028b5999b6cd5bcdc4,msillm,q5,55040,4.217526631858848
mix,0.075,b0b3744cc6b5ad6426b1ac02909b4389ea7fc4140d72a888ccdfb21f573a6db4,msillm,q1,19792,1.0356514161995722
mix,0.075,a365e6541bab5c0f4e01bf43a0c3a655d88292a8ac45403a889c308d11854555,codlite,0_0312,11268,0.806864830259706
mix,0.075,a2a946cc516f9eec0f141da3c31a96df94fe342c651af46f0d38f6c04400323a,msillm,q3,44960,2.6030494854951156
mix,0.075,937476dd72f98638f34299dda5e9c252621b5e809c364692fc2934e000583286,codlite,0_0312,12292,0.04339022300978147
mix,0.075,86127fbdb368eb28c3039cf61aff1c4cfdc4ade24070c8f2389968d5ead681e1,msillm,q2,30720,1.4216297970518461
mix,0.075,8426ed2245c791232862b0a0b2a62a1f17031e8e6e38921fe939df0b3a05ac41,msillm,q2,17960,3.1888357483319862
mix,0.075,79b1bb29124f590c2e99e6c71c18affe25115d594a821cadc58bf24bf94dae8d,msillm,q1,17424,1.2068820018684003
mix,0.075,608cb09e6ffc66d4bc838d4088bf4c0ab889d7e83d4f5d78805cbc4497e432a1,msillm,q1,24368,1.0927779864222558
mix,0.075,581048154e3c4b579c79155742dcf643c18b9bb47782aca7f0768eff185bc32e,msillm,q1,18204,1.1253860696156863
mix,0.075,50fe4c3d47d864858e1aaa60fecef5c453b4e18d2b368718eeb5c1e249e0c902,msillm,q1,24292,1.2341530078757503
mix,0.075,50d13125b665e0c4c1673264807bfc3cc7a217819329696843fea4c69aff8b91,msillm,q5,35340,4.702489294693278
mix,0.075,4ebc0e6c463bcf8ada38673c268aae56d44864347fd74b81a9fb5659bf96a010,msillm,q2,19288,2.13260853619554
mix,0.075,2a760bf1ccea6998be3890dcc2371b23f35fe3006562884b45bc534a621d5c12,msillm,q5,29692,4.952683054351247
mix,0.075,2684452db505ddbbb53f42a3f3bcfe86fdd0d6d8d98c029db4b4c6fc1f55b750,msillm,q2,24792,1.853402187799078
mix,0.075,2397c73f8feeb8f630fe055da5551c671794afae80528e8612dc62fc0cf61294,msillm,q3,45132,2.5590816244526113
mix,0.075,1cba10ad9bb4ced57e42f7656c5f2a58d32dc6bad084957d2f8d1c78e0fcd224,msillm,q2,14488,2.8101470104115998
mix,0.075,1b4ad095795ac552b38a21d51be7bfaee8e7d0a70619d84767814321df4ed062,msillm,q2,15876,1.9417534218532957
mix,0.075,0d154749c7771f58e89ad343653ec4e20d6f037da829f47f5598e5d0a4ab61f0,msillm,q2,23648,1.7412049089477133
mix,0.075,07b9f93f170a0381836bdf301280a5b80b2c4be6e66f793a3c335dc200fb4e5b,msillm,q2,22216,1.8209773969901302
mix,0.075,0369d229ba4c9965d5caeb38c359a027a810968eee930b81520b604e76b4df14,msillm,q3,27628,2.7815327011061832
mix,0.075,02809272b4ca9b08af45771501b741296187c7e26907efb44abbbfcb6cd804f7,msillm,q2,45012,1.6765611399738436
mix,0.15,ff32adfa29d4b5de26293352f53cc983d12d3ededd71fe65ca0ef0d887be65c4,msillm,q3,45636,2.7568907156023004
mix,0.15,f67f11de4ca9ebda3db52c41fd3d26c3105687b2d37571e54631a1e4486d0b30,msillm,q3,25680,2.969163802127012
mix,0.15,eda6d42794b0d0140628fa90fc0c14a7ba88159b8474d0077027c32ee2ddf6f0,msillm,q2,37780,1.5311349749466752
mix,0.15,ebfd571f1c6824316047a29cb5f376eec15f56dd51821119c1842be068a8b950,msillm,q4,98556,4.312763088888897
mix,0.15,e0d8e29cadfc99663c7d1a4a5afe20c454ec54d0d873776ec397c59405c74790,msillm,q5,81644,3.6584438845125806
mix,0.15,da52c4f66dc00c2f381e8475fbf8a7aa2c5433a9c59cc175646c62e02892faf7,msillm,q3,88372,2.071954526284389
mix,0.15,d0208a1e9b4fde642b9752da2907d82d5b530a6e2e6e18ef71d5524a92d1cf9a,codlite,0_1250,45060,1.257664700398815
mix,0.15,c9510efb03d1852c29ecad84cc0558768728681a3b9b04eae0dbbd9be142dd95,msillm,q4,70904,3.697114962318062
mix,0.15,bb7344a2ba499b2d48b891abee1b903dc17d265437ac57028b5999b6cd5bcdc4,msillm,q5,55040,4.217526631858848
mix,0.15,b0b3744cc6b5ad6426b1ac02909b4389ea7fc4140d72a888ccdfb21f573a6db4,msillm,q3,69656,1.8552933149273405
mix,0.15,a365e6541bab5c0f4e01bf43a0c3a655d88292a8ac45403a889c308d11854555,codlite,0_1250,45060,1.4276616518138634
mix,0.15,a2a946cc516f9eec0f141da3c31a96df94fe342c651af46f0d38f6c04400323a,msillm,q4,83288,3.1922074595018906
mix,0.15,937476dd72f98638f34299dda5e9c252621b5e809c364692fc2934e000583286,msillm,q1,37336,0.560181612874436
mix,0.15,86127fbdb368eb28c3039cf61aff1c4cfdc4ade24070c8f2389968d5ead681e1,msillm,q3,54864,1.8326498782163725
mix,0.15,8426ed2245c791232862b0a0b2a62a1f17031e8e6e38921fe939df0b3a05ac41,msillm,q3,38904,3.5834984925883413
mix,0.15,79b1bb29124f590c2e99e6c71c18affe25115d594a821cadc58bf24bf94dae8d,msillm,q3,54440,1.9036074833062093
mix,0.15,608cb09e6ffc66d4bc838d4088bf4c0ab889d7e83d4f5d78805cbc4497e432a1,msillm,q2,42408,1.4832420972825964
mix,0.15,581048154e3c4b579c79155742dcf643c18b9bb47782aca7f0768eff185bc32e,codlite,0_1250,47108,1.5997046396680215
mix,0.15,50fe4c3d47d864858e1aaa60fecef5c453b4e18d2b368718eeb5c1e249e0c902,msillm,q3,71032,2.041740376761405
mix,0.15,50d13125b665e0c4c1673264807bfc3cc7a217819329696843fea4c69aff8b91,msillm,q5,35340,4.702489294693278
mix,0.15,4ebc0e6c463bcf8ada38673c268aae56d44864347fd74b81a9fb5659bf96a010,msillm,q3,38504,2.4793032831304447
mix,0.15,2a760bf1ccea6998be3890dcc2371b23f35fe3006562884b45bc534a621d5c12,msillm,q5,29692,4.952683054351247
mix,0.15,2684452db505ddbbb53f42a3f3bcfe86fdd0d6d8d98c029db4b4c6fc1f55b750,msillm,q3,46844,2.2946563261911015
mix,0.15,2397c73f8feeb8f630fe055da5551c671794afae80528e8612dc62fc0cf61294,msillm,q4,82380,3.0921521134760668
mix,0.15,1cba10ad9bb4ced57e42f7656c5f2a58d32dc6bad084957d2f8d1c78e0fcd224,msillm,q3,29908,3.1358479405898496
mix,0.15,1b4ad095795ac552b38a21d51be7bfaee8e7d0a70619d84767814321df4ed062,msillm,q3,33760,2.348681154183248
mix,0.15,0d154749c7771f58e89ad343653ec4e20d6f037da829f47f5598e5d0a4ab61f0,msillm,q3,48760,2.134513776933993
mix,0.15,07b9f93f170a0381836bdf301280a5b80b2c4be6e66f793a3c335dc200fb4e5b,msillm,q3,44140,2.1752239782056604
mix,0.15,0369d229ba4c9965d5caeb38c359a027a810968eee930b81520b604e76b4df14,msillm,q4,55632,3.1795532308718455
mix,0.15,02809272b4ca9b08af45771501b741296187c7e26907efb44abbbfcb6cd804f7,msillm,q3,78284,2.218468375942855
mix,0.3,ff32adfa29d4b5de26293352f53cc983d12d3ededd71fe65ca0ef0d887be65c4,msillm,q5,120572,3.7040462053101706
mix,0.3,f67f11de4ca9ebda3db52c41fd3d26c3105687b2d37571e54631a1e4486d0b30,msillm,q5,76308,3.607157002905619
mix,0.3,eda6d42794b0d0140628fa90fc0c14a7ba88159b8474d0077027c32ee2ddf6f0,msillm,q3,70132,1.8898269988403416
mix,0.3,ebfd571f1c6824316047a29cb5f376eec15f56dd51821119c1842be068a8b950,msillm,q5,138892,4.610450114123654
mix,0.3,e0d8e29cadfc99663c7d1a4a5afe20c454ec54d0d873776ec397c59405c74790,msillm,q5,81644,3.6584438845125806
mix,0.3,da52c4f66dc00c2f381e8475fbf8a7aa2c5433a9c59cc175646c62e02892faf7,msillm,q4,147196,2.6471600548484213
mix,0.3,d0208a1e9b4fde642b9752da2907d82d5b530a6e2e6e18ef71d5524a92d1cf9a,msillm,q4,142968,2.0587667980112263
mix,0.3,c9510efb03d1852c29ecad84cc0558768728681a3b9b04eae0dbbd9be142dd95,msillm,q5,94252,4.00471684874195
mix,0.3,bb7344a2ba499b2d48b891abee1b903dc17d265437ac57028b5999b6cd5bcdc4,msillm,q5,55040,4.217526631858848
mix,0.3,b0b3744cc6b5ad6426b1ac02909b4389ea7fc4140d72a888ccdfb21f573a6db4,msillm,q5,168880,2.590972888701245
mix,0.3,a365e6541bab5c0f4e01bf43a0c3a655d88292a8ac45403a889c308d11854555,msillm,q4,134664,2.26345970971355
mix,0.3,a2a946cc516f9eec0f141da3c31a96df94fe342c651af46f0d38f6c04400323a,msillm,q5,118172,3.552023678514966
mix,0.3,937476dd72f98638f34299dda5e9c252621b5e809c364692fc2934e000583286,msillm,q3,146060,1.7264413093345143
mix,0.3,86127fbdb368eb28c3039cf61aff1c4cfdc4ade24070c8f2389968d5ead681e1,codlite,0_5000,131076,2.698782176765861
mix,0.3,8426ed2245c791232862b0a0b2a62a1f17031e8e6e38921fe939df0b3a05ac41,msillm,q5,99712,4.197798140528674
mix,0.3,79b1bb29124f590c2e99e6c71c18affe25115d594a821cadc58bf24bf94dae8d,msillm,q4,96672,2.3059578224264836
mix,0.3,608cb09e6ffc66d4bc838d4088bf4c0ab889d7e83d4f5d78805cbc4497e432a1,msillm,q4,137356,2.445309806642556
mix,0.3,581048154e3c4b579c79155742dcf643c18b9bb47782aca7f0768eff185bc32e,msillm,q4,129416,2.391220408140587
mix,0.3,50fe4c3d47d864858e1aaa60fecef5c453b4e18d2b368718eeb5c1e249e0c902,msillm,q4,127984,2.617240675083596
mix,0.3,50d13125b665e0c4c1673264807bfc3cc7a217819329696843fea4c69aff8b91,msillm,q5,35340,4.702489294693278
mix,0.3,4ebc0e6c463bcf8ada38673c268aae56d44864347fd74b81a9fb5659bf96a010,msillm,q4,75996,2.8454642118915427
mix,0.3,2a760bf1ccea6998be3890dcc2371b23f35fe3006562884b45bc534a621d5c12,msillm,q5,29692,4.952683054351247
mix,0.3,2684452db505ddbbb53f42a3f3bcfe86fdd0d6d8d98c029db4b4c6fc1f55b750,msillm,q5,134152,3.1732189031918376
mix,0.3,2397c73f8feeb8f630fe055da5551c671794afae80528e8612dc62fc0cf61294,msillm,q5,116052,3.461885063441148
mix,0.3,1cba10ad9bb4ced57e42f7656c5f2a58d32dc6bad084957d2f8d1c78e0fcd224,msillm,q5,80828,3.729222706454534
mix,0.3,1b4ad095795ac552b38a21d51be7bfaee8e7d0a70619d84767814321df4ed062,msillm,q5,103208,3.254302919565256
mix,0.3,0d154749c7771f58e89ad343653ec4e20d6f037da829f47f5598e5d0a4ab61f0,msillm,q4,103116,2.6347502973950645
mix,0.3,07b9f93f170a0381836bdf301280a5b80b2c4be6e66f793a3c335dc200fb4e5b,msillm,q5,121660,2.940006448783433
mix,0.3,0369d229ba4c9965d5caeb38c359a027a810968eee930b81520b604e76b4df14,msillm,q5,77052,3.423064282648695
mix,0.3,02809272b4ca9b08af45771501b741296187c7e26907efb44abbbfcb6cd804f7,msillm,q4,135140,2.829177686379225
