cand,key,name,psnr,msssim,lpips_alex,lpips_vgg,dists,wd3,wd5,clipiqa,mse
msillm,q1,02809272b4ca9b08af45771501b741296187c7e26907efb44abbbfcb6cd804f7,22.560398453269606,0.8862950801849365,0.15629273043835865,0.3604286242057295,0.13513583768816556,0.7978204610972385,0.2714774780368351,0.6918770670890808,360.6122831456801
msillm,q1,0369d229ba4c9965d5caeb38c359a027a810968eee930b81520b604e76b4df14,30.344277160192178,0.9264485836029053,0.07202077373204863,0.2773832083624952,0.1029387619565515,0.1863636547738933,0.05315420399927317,0.7689393162727356,60.06931020699295
msillm,q1,07b9f93f170a0381836bdf301280a5b80b2c4be6e66f793a3c335dc200fb4e5b,24.507416770895336,0.8833545446395874,0.10013622212059357,0.2907049454310361,0.10486962795257568,0.399762503163851,0.14808178875797035,0.8213350176811218,230.32372927198222
msillm,q1,0d154749c7771f58e89ad343653ec4e20d6f037da829f47f5598e5d0a4ab61f0,25.934876629370645,0.7985730171203613,0.17177079648656005,0.39958315851057274,0.16732659006820005,0.28736178394869166,0.10527176463032985,0.6405767798423767,165.8031197342218
msillm,q1,1b4ad095795ac552b38a21d51be7bfaee8e7d0a70619d84767814321df4ed062,26.913956925231282,0.8451988101005554,0.14720127672741287,0.34465167396946955,0.129296423573243,0.2431190285211941,0.08906915456767557,0.7779467701911926,132.33803089878015
msillm,q1,1cba10ad9bb4ced57e42f7656c5f2a58d32dc6bad084957d2f8d1c78e0fcd224,32.419353832914624,0.9378185272216797,0.08332380799811731,0.32951917159325866,0.12152069792585465,0.09693744791332876,0.026622131934944702,0.47916141152381897,37.251603999955755
msillm,q1,2397c73f8feeb8f630fe055da5551c671794afae80528e8612dc62fc0cf61294,25.330135869727066,0.9201192855834961,0.11056463205639054,0.2783774746691479,0.1124243892291013,0.4611253976047697,0.14230418217653934,0.5249426960945129,190.57537099800857
msillm,q1,2684452db505ddbbb53f42a3f3bcfe86fdd0d6d8d98c029db4b4c6fc1f55b750,26.207226277662667,0.8795441389083862,0.1415412806412753,0.3383141021518146,0.12074345069773057,0.4232998705723463,0.12634239354666996,0.8201653957366943,155.72478254729626
msillm,q1,2a760bf1ccea6998be3890dcc2371b23f35fe3006562884b45bc534a621d5c12,33.941168775748764,0.982958972454071,0.04015088701171094,0.15039659355734958,0.07423107942630505,0.05838308639215778,0.016378459230082177,0.8053648471832275,26.239979009518677
msillm,q1,4ebc0e6c463bcf8ada38673c268aae56d44864347fd74b81a9fb5659bf96a010,27.346944905304433,0.8601555824279785,0.12867118160733404,0.33003263368326075,0.10833101062213674,0.24066284047754272,0.09649659725882553,0.5600538849830627,119.78043069278493
msillm,q1,50d13125b665e0c4c1673264807bfc3cc7a217819329696843fea4c69aff8b91,31.643524996132047,0.9743285179138184,0.027477386749952155,0.12433992625515469,0.07768246724325067,0.06581196936311413,0.03067817576490596,0.8046537041664124,44.53770775888481
msillm,q1,50fe4c3d47d864858e1aaa60fecef5c453b4e18d2b368718eeb5c1e249e0c902,22.700557260623814,0.8988841772079468,0.16783456499745816,0.35887173259699784,0.1296164450454123,0.9593335896222948,0.3205978794221302,0.2966494858264923,349.1601205833655
msillm,q1,581048154e3c4b579c79155742dcf643c18b9bb47782aca7f0768eff185bc32e,23.219238756227814,0.8150639533996582,0.21790029906800815,0.44342940538139136,0.15158525240290296,0.5978102990423565,0.22115081514794613,0.19863145053386688,309.8535564268902
msillm,q1,608cb09e6ffc66d4bc838d4088bf4c0ab889d7e83d4f5d78805cbc4497e432a1,23.622274204061004,0.8472468256950378,0.17982114573904112,0.3788827761423354,0.13869762245346517,0.8067267398018885,0.2515577457858643,0.165996715426445,282.39235841838365
msillm,q1,79b1bb29124f590c2e99e6c71c18affe25115d594a821cadc58bf24bf94dae8d,22.220667226487592,0.8941730856895447,0.11401637643575668,0.314344747364521,0.11224920451641082,0.9660369702758999,0.34631013305591746,0.5327969193458557,389.95423227945963
msillm,q1,8426ed2245c791232862b0a0b2a62a1f17031e8e6e38921fe939df0b3a05ac41,34.86458299360815,0.9466937780380249,0.06924566417001188,0.28001981787383556,0.08803078159689903,0.053158019982724625,0.015240087581970246,0.29896846413612366,21.213975429534912
msillm,q1,86127fbdb368eb28c3039cf61aff1c4cfdc4ade24070c8f2389968d5ead681e1,22.801374399306063,0.8576664924621582,0.15897501992886184,0.4046122254651101,0.17185414838986318,1.0437409130486155,0.38576157146099815,0.595323920249939,341.14807178935064
msillm,q1,937476dd72f98638f34299dda5e9c252621b5e809c364692fc2934e000583286,18.08957665987023,0.6866571307182312,0.21974443892637888,0.27155496925115585,0.21369298299153647,1.1319274096604204,0.7821710410770043,0.2670738995075226,1009.5380558437771
msillm,q1,a2a946cc516f9eec0f141da3c31a96df94fe342c651af46f0d38f6c04400323a,26.006765058183117,0.9125305414199829,0.12201600743128974,0.30843898158739597,0.11305518378229702,0.4326670964472701,0.11737367847212131,0.24012042582035065,163.08118369906558
msillm,q1,a365e6541bab5c0f4e01bf43a0c3a655d88292a8ac45403a889c308d11854555,21.112761697254896,0.8275267481803894,0.16460739001631736,0.382773228515597,0.14455712560345144,0.8876106099649298,0.35648744950002753,0.5792414546012878,503.273648370481
msillm,q1,b0b3744cc6b5ad6426b1ac02909b4389ea7fc4140d72a888ccdfb21f573a6db4,20.64996062102841,0.8406962156295776,0.1640455048312159,0.3524677934015498,0.12271243246162639,0.8721139406319066,0.3877706133630979,0.8296731114387512,559.8662638346354
msillm,q1,bb7344a2ba499b2d48b891abee1b903dc17d265437ac57028b5999b6cd5bcdc4,28.21040390459229,0.9474210739135742,0.079449393437244,0.19437850639224052,0.12112224847078323,0.2530472527564598,0.09182425396462468,0.4634665250778198,98.18383026123047
msillm,q1,c9510efb03d1852c29ecad84cc0558768728681a3b9b04eae0dbbd9be142dd95,29.050434464833863,0.9444234371185303,0.08485581477117889,0.26016843432889264,0.08916333019733429,0.2170239266759831,0.04509847462124649,0.6577649712562561,80.91646740483303
msillm,q1,d0208a1e9b4fde642b9752da2907d82d5b530a6e2e6e18ef71d5524a92d1cf9a,20.881475277774033,0.7401015758514404,0.2328295766869012,0.46088165956384997,0.1613497711279813,0.8317820727475063,0.3899026979181064,0.7055330276489258,530.8023453057981
msillm,q1,da52c4f66dc00c2f381e8475fbf8a7aa2c5433a9c59cc175646c62e02892faf7,21.935842699050564,0.9031026363372803,0.17301278675303738,0.366361507247476,0.14687349480741163,1.169573818299999,0.3878504056917703,0.5339407324790955,416.3859731636795
msillm,q1,e0d8e29cadfc99663c7d1a4a5afe20c454ec54d0d873776ec397c59405c74790,28.524514516847002,0.9054932594299316,0.10546227868865518,0.3422484205049627,0.12968850030618556,0.210820844989288,0.102237898705355,0.7014357447624207,91.33324943991268
msillm,q1,ebfd571f1c6824316047a29cb5f376eec15f56dd51821119c1842be068a8b950,24.667320546230506,0.9786962270736694,0.036063548672245815,0.07963045290671289,0.056944090873003006,0.3894611339420524,0.19266516652044485,0.0713668167591095,221.99761374791464
msillm,q1,eda6d42794b0d0140628fa90fc0c14a7ba88159b8474d0077027c32ee2ddf6f0,23.319974469829145,0.8743718862533569,0.14679918314019838,0.3582557187068696,0.12254950667128843,0.7314259006864221,0.24292319601095125,0.5137947797775269,302.74913703070746
msillm,q1,f67f11de4ca9ebda3db52c41fd3d26c3105687b2d37571e54631a1e4486d0b30,33.250185085384494,0.9370171427726746,0.05773270864030529,0.21921373136779843,0.08476115266482036,0.09402739837713012,0.03884499515761268,0.6200697422027588,30.765349444221048
msillm,q1,ff32adfa29d4b5de26293352f53cc983d12d3ededd71fe65ca0ef0d887be65c4,27.60724942847204,0.919509768486023,0.10243235548191211,0.2532371153726297,0.09160348212017733,0.28680338693879065,0.06926019578427356,0.8045985102653503,112.8120309867111
msillm,q2,02809272b4ca9b08af45771501b741296187c7e26907efb44abbbfcb6cd804f7,24.35233142219319,0.9270616769790649,0.1052592098055517,0.29718984698548034,0.10806523018023546,0.525540107067809,0.15675673750090272,0.7633395791053772,238.69714175953584
msillm,q2,0369d229ba4c9965d5caeb38c359a027a810968eee930b81520b604e76b4df14,31.434906273557097,0.9443728923797607,0.049478141448515305,0.24726253406089896,0.07934362607843735,0.1321185496930147,0.03466149265524768,0.7764855623245239,46.72934929342831
msillm,q2,07b9f93f170a0381836bdf301280a5b80b2c4be6e66f793a3c335dc200fb4e5b,25.57746403471532,0.9110490679740906,0.07564589834826833,0.25537374773446253,0.08373410877059488,0.3006815537248258,0.10654207962686546,0.7818183898925781,180.025471646178
msillm,q2,0d154749c7771f58e89ad343653ec4e20d6f037da829f47f5598e5d0a4ab61f0,27.016394801808797,0.8637350797653198,0.12920879035749855,0.3442623652956065,0.11711911103304695,0.2166936738673592,0.07549474770729318,0.649979293346405,129.25307401769302
msillm,q2,1b4ad095795ac552b38a21d51be7bfaee8e7d0a70619d84767814321df4ed062,27.798047299988728,0.8881170153617859,0.107216398574804,0.3048156637110208,0.09447784486569856,0.17484295073532657,0.05974521245375294,0.7172792553901672,107.96317077101322
msillm,q2,1cba10ad9bb4ced57e42f7656c5f2a58d32dc6bad084957d2f8d1c78e0fcd224,33.47673322258922,0.950467586517334,0.0590903145776501,0.29427832589276787,0.09486591309598348,0.06592984931054653,0.016223046252482172,0.4107271730899811,29.201626280750656
msillm,q2,2397c73f8feeb8f630fe055da5551c671794afae80528e8612dc62fc0cf61294,26.944472786472705,0.9469466209411621,0.07579364972736906,0.2362884511842447,0.0833337079076206,0.30978477162365803,0.0862452419175521,0.5515161156654358,131.41141213809743
msillm,q2,2684452db505ddbbb53f42a3f3bcfe86fdd0d6d8d98c029db4b4c6fc1f55b750,27.655469113620242,0.9125160574913025,0.0962175968596164,0.29242850918980207,0.09438885012093712,0.28522291858573545,0.0728751316211955,0.8522595763206482,111.56640768612132
msillm,q2,2a760bf1ccea6998be3890dcc2371b23f35fe3006562884b45bc534a621d5c12,36.17365537672563,0.988095760345459,0.02322511973887168,0.15999099374588194,0.0515664666891098,0.040061911113416365,0.011246206331612562,0.8839830160140991,15.693319737226114
msillm,q2,4ebc0e6c463bcf8ada38673c268aae56d44864347fd74b81a9fb5659bf96a010,28.756567692343573,0.9155044555664062,0.09025255531510885,0.27179833795217906,0.07780041081063888,0.15919764265898212,0.05823081752211878,0.5574427843093872,86.58119817995558
msillm,q2,50d13125b665e0c4c1673264807bfc3cc7a217819329696843fea4c69aff8b91,32.50531957309688,0.9780553579330444,0.023729086730300504,0.16549400142120088,0.07672285244745367,0.05091939688817988,0.02158285363628595,0.8164961338043213,36.52148293887868
msillm,q2,50fe4c3d47d864858e1aaa60fecef5c453b4e18d2b368718eeb5c1e249e0c902,24.197833946900623,0.9311152696609497,0.11776832270401495,0.306012426721461,0.10176062786284788,0.7041771496305393,0.22327822345151718,0.42334601283073425,247.34148629898888
msillm,q2,581048154e3c4b579c79155742dcf643c18b9bb47782aca7f0768eff185bc32e,24.615311256238822,0.8743617534637451,0.16147650716887726,0.3862170193057794,0.1228261174081446,0.46680765112318773,0.17609335648498148,0.20229126513004303,224.6721468635531
msillm,q2,608cb09e6ffc66d4bc838d4088bf4c0ab889d7e83d4f5d78805cbc4497e432a1,25.224477711693662,0.8989281058311462,0.1180448344379079,0.3116891300853561,0.10572944260111042,0.5499061100992335,0.15393159780003157,0.15343305468559265,195.26867965000127
msillm,q2,79b1bb29124f590c2e99e6c71c18affe25115d594a821cadc58bf24bf94dae8d,23.487228936234963,0.9187897443771362,0.07991338483989238,0.2778586111962795,0.0981483906507492,0.7036870113925943,0.23773589780707063,0.5618290901184082,291.31139119466144
msillm,q2,8426ed2245c791232862b0a0b2a62a1f17031e8e6e38921fe939df0b3a05ac41,36.00308568366814,0.9575637578964233,0.05050912615843117,0.25271286256611347,0.06061964109539986,0.033960547693119736,0.008377769439035274,0.24158215522766113,16.321940581003826
msillm,q2,86127fbdb368eb28c3039cf61aff1c4cfdc4ade24070c8f2389968d5ead681e1,24.427512029478148,0.9086337089538574,0.10534170544782623,0.3327052698272174,0.1297057058478965,0.7114330470109858,0.24092805928721409,0.5823841094970703,234.60062129119706
msillm,q2,937476dd72f98638f34299dda5e9c252621b5e809c364692fc2934e000583286,18.8606693631226,0.7889172434806824,0.14551173150539398,0.24059467514355978,0.1875317245721817,0.9544279859837843,0.65030526545698,0.3221622407436371,845.304974132114
msillm,q2,a2a946cc516f9eec0f141da3c31a96df94fe342c651af46f0d38f6c04400323a,27.70852789808563,0.943283200263977,0.07994663375703727,0.25807651903699425,0.08224327073377721,0.28369449093750815,0.06632343275655674,0.23949973285198212,110.21166692995557
msillm,q2,a365e6541bab5c0f4e01bf43a0c3a655d88292a8ac45403a889c308d11854555,22.212110382293844,0.8735241889953613,0.11801846750518855,0.3272030366694226,0.1062429336940541,0.6464394661496045,0.24437335029613982,0.6602059602737427,390.72331112132355
msillm,q2,b0b3744cc6b5ad6426b1ac02909b4389ea7fc4140d72a888ccdfb21f573a6db4,21.821720029142988,0.8895689249038696,0.12304105022374322,0.30974277994211985,0.0979187868973788,0.6375352988397615,0.273804939884609,0.8585430979728699,427.4726740818398
msillm,q2,bb7344a2ba499b2d48b891abee1b903dc17d265437ac57028b5999b6cd5bcdc4,30.18069419324888,0.9687821865081787,0.05117146437987685,0.14795723976567388,0.09884573519229889,0.15132248864165376,0.04336382040797133,0.5781876444816589,62.37505499521891
msillm,q2,c9510efb03d1852c29ecad84cc0558768728681a3b9b04eae0dbbd9be142dd95,31.01247717317641,0.9639932513237,0.053461089872700325,0.2121447994866792,0.06557049803874072,0.14083274665068757,0.026200546948037504,0.6881083250045776,51.503013820274205
msillm,q2,d0208a1e9b4fde642b9752da2907d82d5b530a6e2e6e18ef71d5524a92d1cf9a,22.001583805909092,0.8254911303520203,0.17208782684277085,0.39226332841550604,0.12402173420962165,0.5918499558362836,0.2602430624693209,0.7484968900680542,410.13041764801625
msillm,q2,da52c4f66dc00c2f381e8475fbf8a7aa2c5433a9c59cc175646c62e02892faf7,23.751933499222663,0.9388965368270874,0.11858237762661542,0.30553018065059884,0.1265018403530121,0.8259759872268606,0.24907253258813133,0.6558362245559692,274.08609978170955
msillm,q2,e0d8e29cadfc99663c7d1a4a5afe20c454ec54d0d873776ec397c59405c74790,29.238962517083515,0.9284147620201111,0.08217368486392147,0.3192438159795368,0.10173607889343711,0.13715753956474694,0.05761745702072346,0.589582085609436,77.47901826746323
msillm,q2,ebfd571f1c6824316047a29cb5f376eec15f56dd51821119c1842be068a8b950,26.595190328374105,0.9877229928970337,0.02184149084496312,0.04680212528910488,0.03296374902129173,0.15963032452811254,0.05732990751883561,0.2667052745819092,142.41683435440063
msillm,q2,eda6d42794b0d0140628fa90fc0c14a7ba88159b8474d0077027c32ee2ddf6f0,24.610676180836176,0.9039480686187744,0.10441409066027287,0.3037478220375145,0.09074410883819356,0.5248338089922803,0.1640122889824651,0.5713849663734436,224.91205970913757
msillm,q2,f67f11de4ca9ebda3db52c41fd3d26c3105687b2d37571e54631a1e4486d0b30,33.83235373415366,0.9419260025024414,0.04317019249120837,0.21834616757491054,0.06798263946000267,0.07229543719482172,0.02759861963834294,0.5132046341896057,26.90574286965763
msillm,q2,ff32adfa29d4b5de26293352f53cc983d12d3ededd71fe65ca0ef0d887be65c4,29.366441248398246,0.9478461146354675,0.06543350880417753,0.2032095540972317,0.06629140797783346,0.20822786893702816,0.05275331614646251,0.8398842215538025,75.23782564051011
msillm,q3,02809272b4ca9b08af45771501b741296187c7e26907efb44abbbfcb6cd804f7,26.29325016332143,0.9565005302429199,0.06484848133781378,0.21996570439899668,0.06769864734481362,0.2888062016273954,0.06512841828784459,0.8475300073623657,152.67057614793964
msillm,q3,0369d229ba4c9965d5caeb38c359a027a810968eee930b81520b604e76b4df14,32.812163715724644,0.9610261917114258,0.031216888236539328,0.21118102788048632,0.05806711579070372,0.09340688685049874,0.02500078777342058,0.7473891973495483,34.03015986423866
msillm,q3,07b9f93f170a0381836bdf301280a5b80b2c4be6e66f793a3c335dc200fb4e5b,27.120661849317635,0.9392879009246826,0.053866021970615664,0.22564768436200477,0.0654277396552703,0.21421300062169502,0.07375076963928004,0.811084508895874,126.18687229530484
msillm,q3,0d154749c7771f58e89ad343653ec4e20d6f037da829f47f5598e5d0a4ab61f0,28.131896275455304,0.9128243923187256,0.09581579086096847,0.30055722410188,0.079859180485501,0.15275642092036673,0.05018309714794437,0.7100872993469238,99.97484358245251
msillm,q3,1b4ad095795ac552b38a21d51be7bfaee8e7d0a70619d84767814321df4ed062,29.12614980407509,0.9294583201408386,0.07651171950917494,0.2539103438979701,0.06790639852222644,0.12164190917549508,0.0374967275609401,0.7884142994880676,79.51798756917317
msillm,q3,1cba10ad9bb4ced57e42f7656c5f2a58d32dc6bad084957d2f8d1c78e0fcd224,34.922630711094854,0.9632000923156738,0.04002435299911473,0.24184424256526152,0.06786884772546083,0.0452742361650763,0.01074024248653043,0.4008144438266754,20.932316357263854
msillm,q3,2397c73f8feeb8f630fe055da5551c671794afae80528e8612dc62fc0cf61294,28.892017328465215,0.9664620757102966,0.04736390220658744,0.1894585751435336,0.05618253560627208,0.18356960070633718,0.03968448292887938,0.7436867952346802,83.92254159964767
msillm,q3,2684452db505ddbbb53f42a3f3bcfe86fdd0d6d8d98c029db4b4c6fc1f55b750,29.50074908912136,0.9447650909423828,0.06408307018744595,0.23440422924125895,0.06840398942722994,0.18347090058996401,0.04136792995025812,0.8647496104240417,72.94666676240809
msillm,q3,2a760bf1ccea6998be3890dcc2371b23f35fe3006562884b45bc534a621d5c12,38.643487393681454,0.9930440783500671,0.015012862674635032,0.09403947625180771,0.03981391314802499,0.027389542627045575,0.007429046070863865,0.8813158869743347,8.886517930304867
msillm,q3,4ebc0e6c463bcf8ada38673c268aae56d44864347fd74b81a9fb5659bf96a010,30.02714542722495,0.9435298442840576,0.06233332680319162,0.243803010179716,0.05199746244093951,0.118263699782606,0.043992863225575905,0.6123648881912231,64.61983104032629
msillm,q3,50d13125b665e0c4c1673264807bfc3cc7a217819329696843fea4c69aff8b91,33.6661105170426,0.9856172800064087,0.017107298480133228,0.1444934760484156,0.05047002960653866,0.030118783723959677,0.010293840182804433,0.8118448853492737,27.955631630093443
msillm,q3,50fe4c3d47d864858e1aaa60fecef5c453b4e18d2b368718eeb5c1e249e0c902,25.761907621933517,0.9559181928634644,0.07471883057812113,0.237091825976048,0.06323749434064936,0.42207179601334727,0.10605432033053384,0.6723880171775818,172.53992251800412
msillm,q3,581048154e3c4b579c79155742dcf643c18b9bb47782aca7f0768eff185bc32e,25.963154145516057,0.9182149171829224,0.11472809511226612,0.3236060122867207,0.08764232318479936,0.31018688929596683,0.09936496666640819,0.32267439365386963,164.72705961234405
msillm,q3,608cb09e6ffc66d4bc838d4088bf4c0ab889d7e83d4f5d78805cbc4497e432a1,26.786512664698414,0.9338905215263367,0.07361739897625703,0.24413697750252836,0.06939668807328916,0.3310904510976976,0.07041969618693232,0.20858371257781982,136.27904904434104
msillm,q3,79b1bb29124f590c2e99e6c71c18affe25115d594a821cadc58bf24bf94dae8d,25.039231352765224,0.941731333732605,0.0489736769348383,0.22234196811914445,0.06097830533981323,0.4128490366248684,0.11081158035207542,0.6421956419944763,203.77796719868977
msillm,q3,8426ed2245c791232862b0a0b2a62a1f17031e8e6e38921fe939df0b3a05ac41,37.49450542374011,0.9698421359062195,0.03661047318018973,0.2196375811472535,0.04544934257864952,0.021069672579571375,0.004633864543495581,0.21537509560585022,11.577900648117065
msillm,q3,86127fbdb368eb28c3039cf61aff1c4cfdc4ade24070c8f2389968d5ead681e1,25.941069799292382,0.9399802684783936,0.06890432533548503,0.2744650331432702,0.08610876197697687,0.467141519846083,0.1406282917771222,0.714304506778717,165.56684800445058
msillm,q3,937476dd72f98638f34299dda5e9c252621b5e809c364692fc2934e000583286,21.14326966155516,0.917731523513794,0.07392585836350918,0.19382043555378914,0.0701212187608083,0.40752120550193166,0.25017764725189345,0.42860284447669983,499.7506811353895
msillm,q3,a2a946cc516f9eec0f141da3c31a96df94fe342c651af46f0d38f6c04400323a,29.572752536604284,0.9658641815185547,0.04740293921135804,0.19739863342222044,0.05646007061004639,0.1629287022609729,0.029224221744330415,0.3159492611885071,71.74722481521906
msillm,q3,a365e6541bab5c0f4e01bf43a0c3a655d88292a8ac45403a889c308d11854555,23.796558662209925,0.9201970100402832,0.07872144542634488,0.2686568852733163,0.07220532280557296,0.40338695385028533,0.12977292630557355,0.7591054439544678,271.284196322572
msillm,q3,b0b3744cc6b5ad6426b1ac02909b4389ea7fc4140d72a888ccdfb21f573a6db4,23.474539192930187,0.9308249950408936,0.08046711801606066,0.24697915473405052,0.06234205926165861,0.3752494186260104,0.13673370870612245,0.874275267124176,292.16382494159774
msillm,q3,bb7344a2ba499b2d48b891abee1b903dc17d265437ac57028b5999b6cd5bcdc4,32.538964546691396,0.9827343225479126,0.033162643550895154,0.11790901282802224,0.06387677788734436,0.09150168989765461,0.02145299462925081,0.6048099994659424,36.23964262008667
msillm,q3,c9510efb03d1852c29ecad84cc0558768728681a3b9b04eae0dbbd9be142dd95,33.290579382883074,0.9779086112976074,0.031429296000586714,0.16796692771946684,0.04447742437615114,0.08558778201587847,0.015137243441177667,0.7072475552558899,30.48052356196385
msillm,q3,d0208a1e9b4fde642b9752da2907d82d5b530a6e2e6e18ef71d5524a92d1cf9a,23.594170349680592,0.8941525220870972,0.12324275889379137,0.32281363185714274,0.08237523524200215,0.39534821767710504,0.15257839851500113,0.6880098581314087,284.22568766276044
msillm,q3,da52c4f66dc00c2f381e8475fbf8a7aa2c5433a9c59cc175646c62e02892faf7,25.53931096292553,0.9622601866722107,0.07253765086917316,0.23792054469094556,0.08088400206145119,0.474315404333538,0.09847263687489809,0.7950254678726196,181.61397525562958
msillm,q3,e0d8e29cadfc99663c7d1a4a5afe20c454ec54d0d873776ec397c59405c74790,30.559965102900378,0.9548462629318237,0.061541071030146936,0.2667327739736613,0.07668363083811368,0.08741147277098395,0.029672580200297533,0.5863914489746094,57.158898447074144
msillm,q3,ebfd571f1c6824316047a29cb5f376eec15f56dd51821119c1842be068a8b950,29.00557228868965,0.9927687644958496,0.012558033093228005,0.02862229652237147,0.024264343082904816,0.0722776213312506,0.01942089689339782,0.6020058989524841,81.75665831565857
msillm,q3,eda6d42794b0d0140628fa90fc0c14a7ba88159b8474d0077027c32ee2ddf6f0,26.00246884179908,0.9287582635879517,0.06969838691692726,0.2547815921259861,0.05972569158264235,0.3354407826346848,0.09454030296121607,0.7028008103370667,163.24259001289317
msillm,q3,f67f11de4ca9ebda3db52c41fd3d26c3105687b2d37571e54631a1e4486d0b30,34.908441684119815,0.9554747939109802,0.030054854998346783,0.18562858566349627,0.04548451830359066,0.05242702201031182,0.02022192644964229,0.5671695470809937,21.0008170931947
msillm,q3,ff32adfa29d4b5de26293352f53cc983d12d3ededd71fe65ca0ef0d887be65c4,31.409509265249774,0.968752384185791,0.03710742538027904,0.15034556228886634,0.042000022179940165,0.12827363075073409,0.030037628420987547,0.8753519654273987,47.003417370366115
msillm,q4,02809272b4ca9b08af45771501b741296187c7e26907efb44abbbfcb6cd804f7,28.67793613618252,0.9776959419250488,0.03822054208858925,0.15773799493908883,0.045449960056473226,0.1627948311769735,0.03434907151155177,0.8760496377944946,88.1630786372166
msillm,q4,0369d229ba4c9965d5caeb38c359a027a810968eee930b81520b604e76b4df14,34.30882843081613,0.973346471786499,0.020000434288864628,0.17620841413736343,0.04020551372976864,0.06019906537590584,0.015866999423678252,0.7986736297607422,24.110017065908394
msillm,q4,07b9f93f170a0381836bdf301280a5b80b2c4be6e66f793a3c335dc200fb4e5b,28.919173115765844,0.9608415365219116,0.036632084638318595,0.18835193694514388,0.045026866828694063,0.14142749828366932,0.04811793864491921,0.8264230489730835,83.39942363664215
msillm,q4,0d154749c7771f58e89ad343653ec4e20d6f037da829f47f5598e5d0a4ab61f0,29.66005122578018,0.9481879472732544,0.06622266849393353,0.23351053398321656,0.04802040475256303,0.09252078531812913,0.027085856669849917,0.6984816789627075,70.31941324869791
msillm,q4,1b4ad095795ac552b38a21d51be7bfaee8e7d0a70619d84767814321df4ed062,31.08461720422785,0.9623514413833618,0.050215639468086395,0.19305145015057765,0.04411925297034414,0.07889178867075866,0.023943047329073257,0.7936924695968628,50.65457086395799
msillm,q4,1cba10ad9bb4ced57e42f7656c5f2a58d32dc6bad084957d2f8d1c78e0fcd224,36.50943578410916,0.9745118021965027,0.02753111823163565,0.20888739625371774,0.05091445683275612,0.0295952560071591,0.007515176357269161,0.43818172812461853,14.525690368849869
msillm,q4,2397c73f8feeb8f630fe055da5551c671794afae80528e8612dc62fc0cf61294,31.14577105425862,0.9809801578521729,0.02932734829647576,0.15032175928354263,0.03858768992564258,0.10922236714388427,0.023630140833484567,0.7513596415519714,49.946292413449754
msillm,q4,2684452db505ddbbb53f42a3f3bcfe86fdd0d6d8d98c029db4b4c6fc1f55b750,31.768786191249877,0.9688422083854675,0.037159482356818284,0.17495014183223248,0.038392757668214685,0.10414972682530842,0.02262519126752882,0.9000998139381409,43.27147922889859
msillm,q4,2a760bf1ccea6998be3890dcc2371b23f35fe3006562884b45bc534a621d5c12,40.90728561099642,0.9960699081420898,0.008060995702117938,0.052619420409459494,0.03000366225324828,0.01701006718333335,0.004676927835912233,0.8736485242843628,5.276571164185974
msillm,q4,4ebc0e6c463bcf8ada38673c268aae56d44864347fd74b81a9fb5659bf96a010,31.39940328232901,0.9628647565841675,0.04266438540619086,0.20817211563972865,0.035350421596975885,0.08574059103390856,0.033933835236226666,0.6425137519836426,47.112921142578124
msillm,q4,50d13125b665e0c4c1673264807bfc3cc7a217819329696843fea4c69aff8b91,35.611879975302465,0.9921973943710327,0.010083517770983557,0.09582850831656661,0.029113551448373232,0.01961019247758571,0.0068578197588325725,0.7955421209335327,17.860448620366114
msillm,q4,50fe4c3d47d864858e1aaa60fecef5c453b4e18d2b368718eeb5c1e249e0c902,27.735082615871246,0.9759635925292969,0.04368653422060572,0.16987338616156283,0.04041403973544085,0.23929249699177704,0.047763235057037744,0.8562757968902588,109.53983925399466
msillm,q4,581048154e3c4b579c79155742dcf643c18b9bb47782aca7f0768eff185bc32e,27.860570405326982,0.9549987316131592,0.0746773365516584,0.2495622110890818,0.05571348916043292,0.18851709613043388,0.05491907657458412,0.3257834017276764,106.42001611059838
msillm,q4,608cb09e6ffc66d4bc838d4088bf4c0ab889d7e83d4f5d78805cbc4497e432a1,28.6907510088254,0.9611212611198425,0.042901422444950134,0.1823719735531246,0.042479372784203176,0.19868396355497556,0.039462239492809185,0.3340631127357483,87.9033163232741
msillm,q4,79b1bb29124f590c2e99e6c71c18affe25115d594a821cadc58bf24bf94dae8d,26.71783465164722,0.9594979286193848,0.032568886037915946,0.1795438401401043,0.044850265979766844,0.25847703271504086,0.06643077305828998,0.6586405634880066,138.45125465393068
msillm,q4,8426ed2245c791232862b0a0b2a62a1f17031e8e6e38921fe939df0b3a05ac41,39.27412438237097,0.9802082777023315,0.02646899234969169,0.18489939160645008,0.02894981950521469,0.012438264259564846,0.002681727577729373,0.2808680832386017,7.685425599416097
msillm,q4,86127fbdb368eb28c3039cf61aff1c4cfdc4ade24070c8f2389968d5ead681e1,27.88858024568382,0.9647535085678101,0.04133949303602586,0.21853841517548092,0.05442252584168168,0.2813716885816426,0.0794131505834768,0.8160485625267029,105.73586836017546
msillm,q4,937476dd72f98638f34299dda5e9c252621b5e809c364692fc2934e000583286,22.97179123369943,0.9548031687736511,0.03941214053581158,0.1634684093296528,0.027788857618967693,0.2179209836655597,0.12277718112974075,0.4660554826259613,328.0206897523668
msillm,q4,a2a946cc516f9eec0f141da3c31a96df94fe342c651af46f0d38f6c04400323a,31.89622924739642,0.9815858602523804,0.026169187950846905,0.14466722524341416,0.036374429744832654,0.09074343581776097,0.016300070967291413,0.4322468340396881,42.02013430127911
msillm,q4,a365e6541bab5c0f4e01bf43a0c3a655d88292a8ac45403a889c308d11854555,25.66607420927252,0.9548954963684082,0.0503275168073528,0.20438369004165424,0.044851537487086125,0.25017627714012847,0.07960223181618693,0.7710358500480652,176.3895856071921
msillm,q4,b0b3744cc6b5ad6426b1ac02909b4389ea7fc4140d72a888ccdfb21f573a6db4,25.071805571097038,0.9548720121383667,0.05754196455373484,0.20243397495325874,0.04536319199730368,0.26702906358458517,0.09747031397069819,0.920749306678772,202.25525010052849
msillm,q4,bb7344a2ba499b2d48b891abee1b903dc17d265437ac57028b5999b6cd5bcdc4,35.24600355706459,0.9915899038314819,0.017382001475198194,0.07692672894336283,0.042183175683021545,0.05278470390175016,0.014009129146183076,0.5556970834732056,19.43032232920329
msillm,q4,c9510efb03d1852c29ecad84cc0558768728681a3b9b04eae0dbbd9be142dd95,35.82483317760855,0.9868736267089844,0.017561371717602015,0.12705005753566237,0.024505593320902658,0.043838521474859664,0.007840049987891676,0.7384602427482605,17.00579905790441
msillm,q4,d0208a1e9b4fde642b9752da2907d82d5b530a6e2e6e18ef71d5524a92d1cf9a,25.3825601586087,0.9388150572776794,0.08345844033448135,0.2486232183435384,0.052858387547380786,0.27538949669949087,0.10631483186712681,0.7850484848022461,188.28873817593444
msillm,q4,da52c4f66dc00c2f381e8475fbf8a7aa2c5433a9c59cc175646c62e02892faf7,27.980735645350126,0.9797362685203552,0.040810283580247096,0.17133254890932756,0.04804867225534776,0.2740518934503598,0.055157216989952386,0.7431878447532654,103.51583658854166
msillm,q4,e0d8e29cadfc99663c7d1a4a5afe20c454ec54d0d873776ec397c59405c74790,32.557449536347306,0.9756180644035339,0.040406531632384834,0.22420961808632403,0.05029944830081042,0.052935854229818516,0.016495881255170694,0.650043249130249,36.085722680185356
msillm,q4,ebfd571f1c6824316047a29cb5f376eec15f56dd51821119c1842be068a8b950,31.2591350862778,0.9958693981170654,0.007507384485506918,0.020810602058190852,0.015429574996232986,0.043612864010415406,0.012600709817898372,0.7061858177185059,48.65941150983175
msillm,q4,eda6d42794b0d0140628fa90fc0c14a7ba88159b8474d0077027c32ee2ddf6f0,27.71990672571245,0.9542171359062195,0.047395640363295875,0.2129132452548719,0.03840577485514622,0.23718016613883283,0.07465536237823603,0.7464721202850342,109.92328239889706
msillm,q4,f67f11de4ca9ebda3db52c41fd3d26c3105687b2d37571e54631a1e4486d0b30,36.15634869929424,0.9699727892875671,0.02040914903216831,0.161104837213369,0.03413416766652874,0.0345167201679776,0.012722731151613851,0.6049522161483765,15.755982542349622
msillm,q4,ff32adfa29d4b5de26293352f53cc983d12d3ededd71fe65ca0ef0d887be65c4,33.77480228131266,0.9833254218101501,0.020005831905805013,0.10333057499545462,0.024600332624772014,0.07133279133350624,0.016971425789531244,0.8674431443214417,27.264662918390012
msillm,q5,02809272b4ca9b08af45771501b741296187c7e26907efb44abbbfcb6cd804f7,30.320313631899744,0.9856019020080566,0.024854059626950937,0.12577017935759882,0.03213972291525673,0.10901293710469818,0.0232524608066666,0.8594944477081299,60.40167715035233
msillm,q5,0369d229ba4c9965d5caeb38c359a027a810968eee930b81520b604e76b4df14,35.328085390188754,0.9790231585502625,0.015972874527249267,0.15744055408765287,0.030284702251939213,0.04639687046463738,0.012054519201434587,0.731724202632904,19.06653705671722
msillm,q5,07b9f93f170a0381836bdf301280a5b80b2c4be6e66f793a3c335dc200fb4e5b,30.090533713802227,0.9697508811950684,0.026375954466707565,0.16494062832173179,0.03253877373302684,0.08851848645746727,0.024478406011164165,0.8465570211410522,63.683509617225795
msillm,q5,0d154749c7771f58e89ad343653ec4e20d6f037da829f47f5598e5d0a4ab61f0,30.571393916910665,0.9616824984550476,0.0526377197355032,0.206412264134954,0.037519871662644776,0.07101277522365308,0.01882766802256248,0.757178783416748,57.0086778827742
msillm,q5,1b4ad095795ac552b38a21d51be7bfaee8e7d0a70619d84767814321df4ed062,32.306901354681045,0.9739751815795898,0.03793865736377867,0.16749033743613645,0.03477539827949122,0.05239547139365186,0.012691393288382724,0.7492287755012512,38.22876123796429
msillm,q5,1cba10ad9bb4ced57e42f7656c5f2a58d32dc6bad084957d2f8d1c78e0fcd224,37.40716771658835,0.978705108165741,0.024318926540447525,0.20272387915010592,0.04464305286268586,0.0229830594703529,0.005820861990664884,0.36051586270332336,11.81309208052058
msillm,q5,2397c73f8feeb8f630fe055da5551c671794afae80528e8612dc62fc0cf61294,32.547610130948605,0.9862961769104004,0.02109352700850543,0.12992397406521966,0.027277611984926113,0.07048913707446774,0.013517134718728965,0.7652574181556702,36.16757142310049
msillm,q5,2684452db505ddbbb53f42a3f3bcfe86fdd0d6d8d98c029db4b4c6fc1f55b750,33.07744054921884,0.9775267839431763,0.027124848709825206,0.1483466229018043,0.03156762473723468,0.07475316993994002,0.016246992912381023,0.8930556774139404,32.01373207241881
msillm,q5,2a760bf1ccea6998be3890dcc2371b23f35fe3006562884b45bc534a621d5c12,42.181991572876676,0.9965718984603882,0.006333087562936647,0.05832394774489362,0.025447042337779342,0.013007351769981166,0.0035196105558452334,0.8718690872192383,3.934424389367816
msillm,q5,4ebc0e6c463bcf8ada38673c268aae56d44864347fd74b81a9fb5659bf96a010,32.27012267781143,0.9701613187789917,0.034893788506879526,0.1934672573033501,0.03027087134473464,0.0719461148450511,0.02895461466267088,0.6117150187492371,38.553880160462626
msillm,q5,50d13125b665e0c4c1673264807bfc3cc7a217819329696843fea4c69aff8b91,36.9158644778172,0.9945849180221558,0.007323221804814667,0.08526652637417154,0.026373009471332327,0.013232327054695155,0.004115186375918751,0.8060495257377625,13.227991680070465
msillm,q5,50fe4c3d47d864858e1aaa60fecef5c453b4e18d2b368718eeb5c1e249e0c902,29.398796867311432,0.9845768809318542,0.028309466167824503,0.13083392579430414,0.026517362506301316,0.15517777070052619,0.02668980197006811,0.8922597765922546,74.67937491460101
msillm,q5,581048154e3c4b579c79155742dcf643c18b9bb47782aca7f0768eff185bc32e,29.226634444897407,0.9699344635009766,0.05309805524750398,0.20717038148707087,0.04099075610821064,0.1265238460009891,0.030855275369809528,0.36606019735336304,77.69926603547819
msillm,q5,608cb09e6ffc66d4bc838d4088bf4c0ab889d7e83d4f5d78805cbc4497e432a1,30.06204189006066,0.9723620414733887,0.029214414968794466,0.15213064184668018,0.03131710285065221,0.1355540547364461,0.026539571878646993,0.3047597408294678,64.10267778783063
msillm,q5,79b1bb29124f590c2e99e6c71c18affe25115d594a821cadc58bf24bf94dae8d,27.96298036124524,0.9690853357315063,0.023034922778606415,0.15570163689553737,0.034124502539634706,0.18807320606558733,0.0474895927176862,0.6259375214576721,103.93990720113119
msillm,q5,8426ed2245c791232862b0a0b2a62a1f17031e8e6e38921fe939df0b3a05ac41,40.06529533549341,0.9828386306762695,0.02433952083811164,0.17656225059181452,0.02530374750494957,0.010411800482252431,0.0023923339697756465,0.18958087265491486,6.405467430750529
msillm,q5,86127fbdb368eb28c3039cf61aff1c4cfdc4ade24070c8f2389968d5ead681e1,29.316683726046566,0.9759416580200195,0.027707827216411223,0.18151054006130968,0.037673828298928305,0.18468396293559874,0.04767961955170363,0.8328602313995361,76.1047893586706
msillm,q5,937476dd72f98638f34299dda5e9c252621b5e809c364692fc2934e000583286,23.865325770688692,0.9723103046417236,0.028381172257165115,0.15594576795895895,0.015993356704711914,0.28664827475950005,0.1834121549809716,0.42907726764678955,267.0224545796712
msillm,q5,a2a946cc516f9eec0f141da3c31a96df94fe342c651af46f0d38f6c04400323a,33.478627375728855,0.986577033996582,0.018118165571735623,0.12602515091352604,0.02627634528805228,0.05905429845676538,0.00994548133685493,0.4147877097129822,29.188892918007046
msillm,q5,a365e6541bab5c0f4e01bf43a0c3a655d88292a8ac45403a889c308d11854555,27.108524090016388,0.9700527191162109,0.033762344761806375,0.16234879958278992,0.0338494665482465,0.16539807349703659,0.047944393617125644,0.7416970133781433,126.54003547219669
msillm,q5,b0b3744cc6b5ad6426b1ac02909b4389ea7fc4140d72a888ccdfb21f573a6db4,26.225405742878813,0.9653581976890564,0.03970477086875369,0.1749281072003,0.034609708014656515,0.1644923091667485,0.048387932886275985,0.9262093901634216,155.0742846919041
msillm,q5,bb7344a2ba499b2d48b891abee1b903dc17d265437ac57028b5999b6cd5bcdc4,36.87547730102361,0.9942717552185059,0.011501224616949912,0.0629559651715681,0.029392406344413757,0.03661405489236813,0.009946318302952957,0.618746280670166,13.351579030354818
msillm,q5,c9510efb03d1852c29ecad84cc0558768728681a3b9b04eae0dbbd9be142dd95,37.27586221740414,0.9896283149719238,0.01279556063716026,0.11326236433404334,0.02032444442019743,0.029138897560292774,0.005375536938776022,0.7227895855903625,12.17570561427696
msillm,q5,d0208a1e9b4fde642b9752da2907d82d5b530a6e2e6e18ef71d5524a92d1cf9a,26.71637806605996,0.9594737887382507,0.05720991127412109,0.20169125975054852,0.03434469191467061,0.17264176090691977,0.05334418245244521,0.7918359041213989,138.4976977778416
msillm,q5,da52c4f66dc00c2f381e8475fbf8a7aa2c5433a9c59cc175646c62e02892faf7,29.721629714335315,0.9871786832809448,0.025020077013794113,0.12650949225267943,0.03213281035423279,0.171967561987811,0.032398260851270955,0.7481688857078552,69.32939165900736
msillm,q5,e0d8e29cadfc99663c7d1a4a5afe20c454ec54d0d873776ec397c59405c74790,34.007949993680626,0.9826958179473877,0.03136515126508825,0.19891463044811697,0.04049643435898949,0.03443933927504257,0.009342069311303696,0.5528514385223389,25.83957471660539
msillm,q5,ebfd571f1c6824316047a29cb5f376eec15f56dd51821119c1842be068a8b950,32.92007107536428,0.996861457824707,0.00615985639160499,0.02121788199292496,0.015968527644872665,0.031046664301824872,0.009674034282059861,0.6912568211555481,33.19504435857137
msillm,q5,eda6d42794b0d0140628fa90fc0c14a7ba88159b8474d0077027c32ee2ddf6f0,28.787461720014697,0.965628981590271,0.03470632162712076,0.18141558715233616,0.03000857461901272,0.16265249806763357,0.04453769441005745,0.708232045173645,85.96747853397544
msillm,q5,f67f11de4ca9ebda3db52c41fd3d26c3105687b2d37571e54631a1e4486d0b30,36.81355515001229,0.9748286604881287,0.01725056699668879,0.14757130784439107,0.026871300503319383,0.024762528715660224,0.0075388269517775814,0.5721275806427002,13.543310826120813
msillm,q5,ff32adfa29d4b5de26293352f53cc983d12d3ededd71fe65ca0ef0d887be65c4,35.202433012050136,0.9879152178764343,0.013866063043036881,0.08394869458587731,0.01846107700291802,0.047612147098643684,0.010629100959515957,0.8664190173149109,19.626237936580882
mbt,q1,02809272b4ca9b08af45771501b741296187c7e26907efb44abbbfcb6cd804f7,26.411614255093777,0.9519578814506531,0.2218562588095665,0.31989118027336455,0.1457816909341251,0.7526579181772564,0.3329880592872564,0.6322648525238037,148.56583060470282
mbt,q1,0369d229ba4c9965d5caeb38c359a027a810968eee930b81520b604e76b4df14,32.210293705196825,0.9455274343490601,0.22389988741453956,0.4017407844171805,0.20294281980570625,0.6076726459370193,0.3412551869071318,0.3110494911670685,39.08867869657629
mbt,q1,07b9f93f170a0381836bdf301280a5b80b2c4be6e66f793a3c335dc200fb4e5b,27.31376551188734,0.9366463422775269,0.36700531656251234,0.43687048791085975,0.20703129522940691,0.7452976705986657,0.3936097764800989,0.586884081363678,120.69903827742034
mbt,q1,0d154749c7771f58e89ad343653ec4e20d6f037da829f47f5598e5d0a4ab61f0,28.374317619770167,0.887053370475769,0.5564244990839677,0.5599237938137616,0.30847618141595057,0.9609977123558939,0.5921199923049942,0.4639209806919098,94.5471841251149
mbt,q1,1b4ad095795ac552b38a21d51be7bfaee8e7d0a70619d84767814321df4ed062,29.20611063279051,0.9077441096305847,0.432250177389697,0.49846794260175603,0.26434682309627533,0.6240381405011464,0.35294075309618905,0.3061104118824005,78.06732485587136
mbt,q1,1cba10ad9bb4ced57e42f7656c5f2a58d32dc6bad084957d2f8d1c78e0fcd224,34.81677389269112,0.9554089903831482,0.2682949309915449,0.43245933479765086,0.25210224439218204,0.3472851938856362,0.2006896003312374,0.1602218747138977,21.44879861479824
mbt,q1,2397c73f8feeb8f630fe055da5551c671794afae80528e8612dc62fc0cf61294,28.964120902192334,0.9616324305534363,0.23382259217255255,0.30234419716631666,0.1667338695596246,0.5713413813363216,0.25485347109910655,0.5171225070953369,82.54072337431066
mbt,q1,2684452db505ddbbb53f42a3f3bcfe86fdd0d6d8d98c029db4b4c6fc1f55b750,29.306360584152728,0.9311058521270752,0.31330189297304434,0.41276656450594174,0.21520435757496778,0.8294655655043404,0.4076921428910448,0.6353054642677307,76.28590494791666
mbt,q1,2a760bf1ccea6998be3890dcc2371b23f35fe3006562884b45bc534a621d5c12,35.67310336531452,0.9835827350616455,0.18089713959087586,0.19830821749979052,0.12437516810565159,0.1415750364599399,0.07111411682042795,0.7516780495643616,17.610432591931573
mbt,q1,4ebc0e6c463bcf8ada38673c268aae56d44864347fd74b81a9fb5659bf96a010,30.29824288237904,0.9316295981407166,0.45164937438333735,0.5270316318554037,0.23114033481653998,0.7849419680407878,0.4716200535695478,0.39834266901016235,60.709418442670035
mbt,q1,50d13125b665e0c4c1673264807bfc3cc7a217819329696843fea4c69aff8b91,33.16838612961276,0.9638320207595825,0.08173826235510848,0.25224551304298287,0.15097916932667002,0.12940053283531955,0.06452656657526254,0.6417412757873535,31.350303380629594
mbt,q1,50fe4c3d47d864858e1aaa60fecef5c453b4e18d2b368718eeb5c1e249e0c902,26.070670611108334,0.954444169998169,0.29198715854206203,0.3476969242831807,0.1580970909124539,1.0259595637042276,0.4467905309381275,0.37796613574028015,160.699046444991
mbt,q1,581048154e3c4b579c79155742dcf643c18b9bb47782aca7f0768eff185bc32e,26.36844124983398,0.9129852056503296,0.4819432471643437,0.5114907832754837,0.2331877432681702,1.0160382074323475,0.5363628818366102,0.16494858264923096,150.05008158142314
mbt,q1,608cb09e6ffc66d4bc838d4088bf4c0ab889d7e83d4f5d78805cbc4497e432a1,26.474007670425944,0.9212870597839355,0.34564144617202236,0.41301193190555946,0.19003595587085276,1.1211244203101052,0.5498776011684151,0.2581082582473755,146.44670134899664
mbt,q1,79b1bb29124f590c2e99e6c71c18affe25115d594a821cadc58bf24bf94dae8d,24.868167840061588,0.9408347010612488,0.22314678579568864,0.3487421363592148,0.1608668565750122,1.1679134657254509,0.545504981713389,0.46263188123703003,211.96471761067707
mbt,q1,8426ed2245c791232862b0a0b2a62a1f17031e8e6e38921fe939df0b3a05ac41,36.82219038586431,0.9635117053985596,0.31169816199690104,0.431646641343832,0.2426733858883381,0.24654015065667068,0.14781426433642314,0.184370219707489,13.516408920288086
mbt,q1,86127fbdb368eb28c3039cf61aff1c4cfdc4ade24070c8f2389968d5ead681e1,25.906382908049604,0.9388309717178345,0.26430839501687736,0.39335514336335853,0.18668601527565815,1.129537346192577,0.5397394665205361,0.5881717801094055,166.89451740869407
mbt,q1,937476dd72f98638f34299dda5e9c252621b5e809c364692fc2934e000583286,20.648678080512358,0.9200948476791382,0.1719165692726771,0.30265115201473236,0.07984391848246257,0.7316568550983599,0.46218441198423826,0.42425474524497986,560.0316256417168
mbt,q1,a2a946cc516f9eec0f141da3c31a96df94fe342c651af46f0d38f6c04400323a,29.243893675188097,0.9518638849258423,0.22349231094121932,0.3209093824028969,0.17333149804788478,0.5335903559002522,0.2347123732890332,0.2355039268732071,77.39109532973346
mbt,q1,a365e6541bab5c0f4e01bf43a0c3a655d88292a8ac45403a889c308d11854555,24.15670814004347,0.9160006046295166,0.3695054901873364,0.42537213853176903,0.1814541865797604,1.138433254247759,0.5574056405085297,0.5550591349601746,249.69482804840686
mbt,q1,b0b3744cc6b5ad6426b1ac02909b4389ea7fc4140d72a888ccdfb21f573a6db4,23.53219083204259,0.9205567836761475,0.30059871594695486,0.4074209171182969,0.17422088069074293,0.853616722734574,0.4212485221303917,0.8109914064407349,288.31104329427086
mbt,q1,bb7344a2ba499b2d48b891abee1b903dc17d265437ac57028b5999b6cd5bcdc4,31.532255924133132,0.9732462167739868,0.1270185491302982,0.2215412352234125,0.1439467892050743,0.3403164488383936,0.1884093132852277,0.40583547949790955,45.693536122639976
mbt,q1,c9510efb03d1852c29ecad84cc0558768728681a3b9b04eae0dbbd9be142dd95,31.888591158049998,0.9648343324661255,0.15789032205939293,0.30812240462092794,0.14770969783558566,0.2874698194408818,0.1085478433819424,0.44302427768707275,42.094101610370714
mbt,q1,d0208a1e9b4fde642b9752da2907d82d5b530a6e2e6e18ef71d5524a92d1cf9a,24.002099638328577,0.8987614512443542,0.4721495556480744,0.47164719025878343,0.20453367846853593,0.8677463311807728,0.45050044965277575,0.5751462578773499,258.74406510895375
mbt,q1,da52c4f66dc00c2f381e8475fbf8a7aa2c5433a9c59cc175646c62e02892faf7,25.850032798643994,0.9640833139419556,0.18801083038834965,0.30571876273435705,0.1463349568493226,0.9932080073685617,0.4201226136683278,0.48294728994369507,169.0740987141927
mbt,q1,e0d8e29cadfc99663c7d1a4a5afe20c454ec54d0d873776ec397c59405c74790,31.13046040890749,0.9495195746421814,0.3498462251004051,0.42126898835687077,0.24369150873492745,0.3709632395506065,0.19642925798355138,0.3032628893852234,50.12268413468903
mbt,q1,ebfd571f1c6824316047a29cb5f376eec15f56dd51821119c1842be068a8b950,27.076031275801363,0.9880850315093994,0.06230467156274244,0.1848751176148653,0.0911371260881424,0.4610483302666266,0.26496454925203183,0.3840884566307068,127.49032648404439
mbt,q1,eda6d42794b0d0140628fa90fc0c14a7ba88159b8474d0077027c32ee2ddf6f0,26.113078285212282,0.9273600578308105,0.3964093355279343,0.44451090415903166,0.16387195534565868,1.1565895908056785,0.6104486293016949,0.5663344860076904,159.13750043881484
mbt,q1,f67f11de4ca9ebda3db52c41fd3d26c3105687b2d37571e54631a1e4486d0b30,34.299935891742805,0.9530029296875,0.2418699651299154,0.37807751505398285,0.18822850111652822,0.3973979963273932,0.26742557750152085,0.2430206686258316,24.15943489822687
mbt,q1,ff32adfa29d4b5de26293352f53cc983d12d3ededd71fe65ca0ef0d887be65c4,29.635083556851786,0.9510306119918823,0.18490794204613742,0.29604546515380636,0.13646250419756945,0.5137769433478712,0.23260799481903163,0.654593288898468,70.72484513825061
mbt,q2,02809272b4ca9b08af45771501b741296187c7e26907efb44abbbfcb6cd804f7,28.33294290279842,0.9688825011253357,0.16445472569150082,0.2580063067814883,0.11744202796150656,0.49958181813264996,0.20852767028329072,0.6891241669654846,95.45222814223345
mbt,q2,0369d229ba4c9965d5caeb38c359a027a810968eee930b81520b604e76b4df14,33.40430198481763,0.9577106833457947,0.19040513507583562,0.3573992118239403,0.17926648662370795,0.49375653691735993,0.2644053247167489,0.37036705017089844,29.692732268688726
mbt,q2,07b9f93f170a0381836bdf301280a5b80b2c4be6e66f793a3c335dc200fb4e5b,28.854543095975252,0.9542168974876404,0.2901740265243194,0.35966266945881004,0.16947600175352656,0.5262358697413861,0.27154850654188867,0.670467734336853,84.649822399663
mbt,q2,0d154749c7771f58e89ad343653ec4e20d6f037da829f47f5598e5d0a4ab61f0,29.41184331816882,0.9194757342338562,0.49988163218778725,0.517136582469239,0.27966107077458324,0.8129212063651721,0.5000850997646661,0.5449735522270203,74.45537049536611
mbt,q2,1b4ad095795ac552b38a21d51be7bfaee8e7d0a70619d84767814321df4ed062,30.53332402377178,0.9357535243034363,0.3615832799359372,0.4741317723926745,0.22335485329753474,0.4743302425220487,0.2586008833213434,0.34948092699050903,57.51060793692606
mbt,q2,1cba10ad9bb4ced57e42f7656c5f2a58d32dc6bad084957d2f8d1c78e0fcd224,35.728059170933264,0.9627455472946167,0.25220939173426443,0.4139670365065047,0.2338247929961936,0.3019292856160394,0.17046308265264404,0.1600087434053421,17.388993445337782
mbt,q2,2397c73f8feeb8f630fe055da5551c671794afae80528e8612dc62fc0cf61294,30.82638382068002,0.9729117155075073,0.18634762691662593,0.30903292149305345,0.13526131388019114,0.40110882103650264,0.17123407092547374,0.5479092001914978,53.757860849417895
mbt,q2,2684452db505ddbbb53f42a3f3bcfe86fdd0d6d8d98c029db4b4c6fc1f55b750,30.867278705907516,0.9474730491638184,0.26360418901723975,0.3684890939908869,0.19191122580977046,0.6515775485275459,0.3110616897430873,0.7046968340873718,53.2540314319087
mbt,q2,2a760bf1ccea6998be3890dcc2371b23f35fe3006562884b45bc534a621d5c12,38.54360552632791,0.9890275001525879,0.16497500825287967,0.2695266409166928,0.11582212561163409,0.12885368274554848,0.06461772166219797,0.7814005017280579,9.09326417418732
mbt,q2,4ebc0e6c463bcf8ada38673c268aae56d44864347fd74b81a9fb5659bf96a010,31.352324629409832,0.9488756060600281,0.4072811863001655,0.45562021530726377,0.19867284525843226,0.6990851400926418,0.4231831702336053,0.4250320494174957,47.626415656594666
mbt,q2,50d13125b665e0c4c1673264807bfc3cc7a217819329696843fea4c69aff8b91,35.050753613912136,0.9739236831665039,0.05983333248809418,0.22674839597414523,0.12126822121003095,0.0877948304521751,0.039464106097550224,0.7233819961547852,20.32380406996783
mbt,q2,50fe4c3d47d864858e1aaa60fecef5c453b4e18d2b368718eeb5c1e249e0c902,27.81250424897309,0.9701268076896667,0.2316439232248583,0.29173444984135805,0.12528674985155647,0.7424197490477296,0.3112245570504705,0.5080912113189697,107.60437664769805
mbt,q2,581048154e3c4b579c79155742dcf643c18b9bb47782aca7f0768eff185bc32e,27.84924700563345,0.9405684471130371,0.3928585587130798,0.4546016072342684,0.1930801740714482,0.7708428308477189,0.3955886326865105,0.2320442497730255,106.69784803006239
mbt,q2,608cb09e6ffc66d4bc838d4088bf4c0ab889d7e83d4f5d78805cbc4497e432a1,28.2889539402149,0.9472751021385193,0.2846919811677699,0.3554866460024142,0.1595354404519586,0.8477300352572225,0.40879585921772316,0.29503312706947327,96.42396076676113
mbt,q2,79b1bb29124f590c2e99e6c71c18affe25115d594a821cadc58bf24bf94dae8d,26.738719664476914,0.9573696851730347,0.16102860048413276,0.2977172411978245,0.13395184576511382,0.7809033556175337,0.3428897624029314,0.5572625398635864,137.78704757690429
mbt,q2,8426ed2245c791232862b0a0b2a62a1f17031e8e6e38921fe939df0b3a05ac41,37.68236616722785,0.9688977599143982,0.28889243584126234,0.3820026908069849,0.21874024346470833,0.21524295623613554,0.1278667709879466,0.1890440136194229,11.08775814374288
mbt,q2,86127fbdb368eb28c3039cf61aff1c4cfdc4ade24070c8f2389968d5ead681e1,27.68023013223175,0.9596595764160156,0.19905369679947368,0.3336142591032826,0.15541453219828058,0.8004642031320727,0.36970473627886447,0.6764335632324219,110.93212890625
mbt,q2,937476dd72f98638f34299dda5e9c252621b5e809c364692fc2934e000583286,23.16691845141741,0.9583539962768555,0.07021928485482931,0.19802583133180937,0.03286335368951162,0.3329057339863842,0.20142606467394844,0.46882364153862,313.60899861653644
mbt,q2,a2a946cc516f9eec0f141da3c31a96df94fe342c651af46f0d38f6c04400323a,31.086874967294484,0.966725766658783,0.17382265938555494,0.2854857326430433,0.14094437483478994,0.3738292463912484,0.15834974519738734,0.2533975839614868,50.6282439587163
mbt,q2,a365e6541bab5c0f4e01bf43a0c3a655d88292a8ac45403a889c308d11854555,26.05144785266827,0.9453641176223755,0.2702180086251567,0.3544360362431582,0.14268709754242617,0.7849194481229086,0.363054566520416,0.643496036529541,161.41190963445925
mbt,q2,b0b3744cc6b5ad6426b1ac02909b4389ea7fc4140d72a888ccdfb21f573a6db4,25.301187239460795,0.9463233351707458,0.21895696625990027,0.3194673866033554,0.14520010246950038,0.5533466278289887,0.25494154040266803,0.895076334476471,191.84992639878217
mbt,q2,bb7344a2ba499b2d48b891abee1b903dc17d265437ac57028b5999b6cd5bcdc4,33.92448001630183,0.9821577072143555,0.09356236190069467,0.2566168084740639,0.1145121306180954,0.23859480786563836,0.13034130956924417,0.44360631704330444,26.34100612004598
mbt,q2,c9510efb03d1852c29ecad84cc0558768728681a3b9b04eae0dbbd9be142dd95,33.6966221793308,0.9754340052604675,0.12649624991942854,0.26197951330858116,0.12543986527358783,0.21513712008605473,0.08071359932363811,0.48473188281059265,27.75991569967831
mbt,q2,d0208a1e9b4fde642b9752da2907d82d5b530a6e2e6e18ef71d5524a92d1cf9a,25.67953608472476,0.9369611740112305,0.31702867869068596,0.38116467568804235,0.1388339267057531,0.5456233477690094,0.2582770666030964,0.744436502456665,175.84367532169117
mbt,q2,da52c4f66dc00c2f381e8475fbf8a7aa2c5433a9c59cc175646c62e02892faf7,27.694819516501283,0.9771105051040649,0.13103053679361062,0.2482144272502731,0.1142627577571308,0.6730808770293579,0.2731585436955278,0.5816230773925781,110.5600965312883
mbt,q2,e0d8e29cadfc99663c7d1a4a5afe20c454ec54d0d873776ec397c59405c74790,32.59437232988583,0.9627755880355835,0.30104140078320224,0.4086406500023954,0.21534257794127745,0.28044425590607835,0.13890111944133476,0.31832951307296753,35.780229994829966
mbt,q2,ebfd571f1c6824316047a29cb5f376eec15f56dd51821119c1842be068a8b950,29.952097295046908,0.9926654696464539,0.02433636802015826,0.17052640859037638,0.060198698192834854,0.17239728905343243,0.08916475903766431,0.5737065076828003,65.74619619051616
mbt,q2,eda6d42794b0d0140628fa90fc0c14a7ba88159b8474d0077027c32ee2ddf6f0,27.73269291712468,0.9447700381278992,0.3448021442574613,0.39672301402863336,0.1388789789349425,0.8793522062873771,0.4621893987674395,0.6493486762046814,109.60012996897979
mbt,q2,f67f11de4ca9ebda3db52c41fd3d26c3105687b2d37571e54631a1e4486d0b30,35.4529749760715,0.9566285610198975,0.23242721180705464,0.3353048121812297,0.16852782666683197,0.3669611879429708,0.24588318534648337,0.2914873957633972,18.52605134053947
mbt,q2,ff32adfa29d4b5de26293352f53cc983d12d3ededd71fe65ca0ef0d887be65c4,31.697380329791102,0.9665650725364685,0.14783234449432175,0.24967536343371166,0.11373531625551336,0.37547126111030127,0.16422100374988524,0.6700942516326904,43.98882159064798
mbt,q3,02809272b4ca9b08af45771501b741296187c7e26907efb44abbbfcb6cd804f7,30.281015523657704,0.9800405502319336,0.11286272890865803,0.20707730085534207,0.09149583718355964,0.31242784876998325,0.1222570719052299,0.7548418045043945,60.95071554744945
mbt,q3,0369d229ba4c9965d5caeb38c359a027a810968eee930b81520b604e76b4df14,34.592562258189766,0.9673787951469421,0.1677109268877436,0.3648756720563945,0.16088778446702395,0.3926119531160586,0.2012020227314457,0.4733215272426605,22.58521010454963
mbt,q3,07b9f93f170a0381836bdf301280a5b80b2c4be6e66f793a3c335dc200fb4e5b,30.566343286965314,0.9672379493713379,0.2388429907753187,0.34147578653167276,0.1462903883527307,0.36755487157704064,0.18913682859556594,0.723208487033844,57.075014720243566
mbt,q3,0d154749c7771f58e89ad343653ec4e20d6f037da829f47f5598e5d0a4ab61f0,30.46123987635349,0.9414348006248474,0.4503856245209189,0.4863474329604822,0.2422177148215911,0.6735929800545711,0.413223331202469,0.6437095403671265,58.473134239047184
mbt,q3,1b4ad095795ac552b38a21d51be7bfaee8e7d0a70619d84767814321df4ed062,32.063297769864306,0.9561953544616699,0.2790197988874034,0.3933834511982767,0.17948173143361745,0.3368524408630803,0.1765463704014177,0.4593335688114166,40.43436097262199
mbt,q3,1cba10ad9bb4ced57e42f7656c5f2a58d32dc6bad084957d2f8d1c78e0fcd224,36.80065116861861,0.968674898147583,0.24131443899450372,0.3875302935688241,0.2103201638437012,0.25960058470483,0.14522764373410282,0.2105661779642105,13.583611250695288
mbt,q3,2397c73f8feeb8f630fe055da5551c671794afae80528e8612dc62fc0cf61294,32.594447445351086,0.9807999134063721,0.14619562010116438,0.23433302452459054,0.10741175044985378,0.2693948475935982,0.11207775328375288,0.592274010181427,35.7796111462163
mbt,q3,2684452db505ddbbb53f42a3f3bcfe86fdd0d6d8d98c029db4b4c6fc1f55b750,32.41264191032929,0.9613622426986694,0.2121881793527042,0.32631883971831377,0.1609945165760377,0.479982405495457,0.22049308764468475,0.7705961465835571,37.30922001857384
mbt,q3,2a760bf1ccea6998be3890dcc2371b23f35fe3006562884b45bc534a621d5c12,40.244559211162006,0.991529107093811,0.14506789566627865,0.1528022327813609,0.08729401436345331,0.10304046730488121,0.049964646159989495,0.7766037583351135,6.146451226596175
mbt,q3,4ebc0e6c463bcf8ada38673c268aae56d44864347fd74b81a9fb5659bf96a010,32.293683261008034,0.959856390953064,0.38875587354688085,0.47371104158022825,0.18049642180695252,0.6394245357175966,0.39168997311440845,0.5322570204734802,38.34529071882659
mbt,q3,50d13125b665e0c4c1673264807bfc3cc7a217819329696843fea4c69aff8b91,36.96758359381016,0.9852637052536011,0.03826530163778978,0.15647422840051792,0.10204262821113362,0.05694459502194805,0.023501246928632164,0.7994261980056763,13.071396891276041
mbt,q3,50fe4c3d47d864858e1aaa60fecef5c453b4e18d2b368718eeb5c1e249e0c902,29.529024247292867,0.9804967641830444,0.16740097225080303,0.23395206337725674,0.0909953913938852,0.4919745489410891,0.1973905995513922,0.6302021145820618,72.47328317901234
mbt,q3,581048154e3c4b579c79155742dcf643c18b9bb47782aca7f0768eff185bc32e,29.399107624365158,0.9591142535209656,0.30112008349253583,0.39410501079899923,0.15650260743204053,0.5551455270946423,0.27442578201218476,0.3172207176685333,74.67403146373483
mbt,q3,608cb09e6ffc66d4bc838d4088bf4c0ab889d7e83d4f5d78805cbc4497e432a1,29.918180236064636,0.9633268117904663,0.23616535158133975,0.3177999670014662,0.13528328111358717,0.6361683300311134,0.30400395866572216,0.3277452290058136,66.2616638981439
mbt,q3,79b1bb29124f590c2e99e6c71c18affe25115d594a821cadc58bf24bf94dae8d,28.74315619811766,0.968167781829834,0.1258526060730219,0.2700501218438148,0.1122811645269394,0.5128384684916909,0.22063081456536765,0.6788064241409302,86.84898376464844
mbt,q3,8426ed2245c791232862b0a0b2a62a1f17031e8e6e38921fe939df0b3a05ac41,38.87778123938225,0.9740995764732361,0.28036638628691435,0.3905026242136955,0.20624716207385063,0.1873002224168978,0.110715908711099,0.2379378378391266,8.419808944066366
mbt,q3,86127fbdb368eb28c3039cf61aff1c4cfdc4ade24070c8f2389968d5ead681e1,29.37737645201919,0.973137378692627,0.1441469808093837,0.28356909153402826,0.12412468282902828,0.5547140698592528,0.2520181159744966,0.7688364386558533,75.04862083893656
mbt,q3,937476dd72f98638f34299dda5e9c252621b5e809c364692fc2934e000583286,25.848510493620672,0.9774712324142456,0.029054527636617422,0.1268306920925776,0.01667468249797821,0.14349496971105205,0.07611506768196429,0.4395027756690979,169.1333735783895
mbt,q3,a2a946cc516f9eec0f141da3c31a96df94fe342c651af46f0d38f6c04400323a,32.86504454587761,0.9772300720214844,0.13629803872283766,0.2588430617662037,0.11261533779256484,0.2530923219393212,0.10335816547777579,0.3481910824775696,33.61831222234988
mbt,q3,a365e6541bab5c0f4e01bf43a0c3a655d88292a8ac45403a889c308d11854555,28.071222311684995,0.9649321436882019,0.17826860593084026,0.28280146490125097,0.10309010603848626,0.5101072803903822,0.22337334882116153,0.725067675113678,101.38136393229166
mbt,q3,b0b3744cc6b5ad6426b1ac02909b4389ea7fc4140d72a888ccdfb21f573a6db4,27.199441820815032,0.9645244479179382,0.16327641759725178,0.29154256862752576,0.1209144834209891,0.3602326365340559,0.16303501171161583,0.940365731716156,123.91850885129442
mbt,q3,bb7344a2ba499b2d48b891abee1b903dc17d265437ac57028b5999b6cd5bcdc4,35.949800799567775,0.9884459972381592,0.06464132328983396,0.12117288960143924,0.081454336643219,0.15965023115501253,0.08375304444829103,0.4595886468887329,16.52343289057414
mbt,q3,c9510efb03d1852c29ecad84cc0558768728681a3b9b04eae0dbbd9be142dd95,35.427817883822875,0.9824234843254089,0.11403263259459945,0.2540875044815681,0.10762822890982908,0.16332692494192813,0.061988086577960004,0.49854063987731934,18.633677404067097
mbt,q3,d0208a1e9b4fde642b9752da2907d82d5b530a6e2e6e18ef71d5524a92d1cf9a,27.495925505372437,0.9602566957473755,0.1952090409310425,0.28828695959904616,0.09150990984019111,0.3151418832855758,0.13308395978972984,0.8408055901527405,115.74115456973806
mbt,q3,da52c4f66dc00c2f381e8475fbf8a7aa2c5433a9c59cc175646c62e02892faf7,29.474667485759642,0.9852601289749146,0.08527558903922053,0.20215760793756035,0.08883751543129191,0.4436616251877507,0.17452293605503003,0.6689106822013855,73.3860668705959
mbt,q3,e0d8e29cadfc99663c7d1a4a5afe20c454ec54d0d873776ec397c59405c74790,34.48403925273908,0.9730428457260132,0.2482009498950313,0.34947418925516743,0.18692094175254598,0.20199375215468382,0.09451587408017105,0.37749359011650085,23.15668753829657
mbt,q3,ebfd571f1c6824316047a29cb5f376eec15f56dd51821119c1842be068a8b950,32.58234626078543,0.9955703020095825,0.014422185544390231,0.06553851114585996,0.04611537232995033,0.08434194556141761,0.04348535417633765,0.696929395198822,35.879446506500244
mbt,q3,eda6d42794b0d0140628fa90fc0c14a7ba88159b8474d0077027c32ee2ddf6f0,29.313590257116637,0.9582761526107788,0.3009741384462983,0.35622020854669456,0.11474706729253133,0.6857968579849208,0.36542409360252015,0.7463222742080688,76.15901792438981
mbt,q3,f67f11de4ca9ebda3db52c41fd3d26c3105687b2d37571e54631a1e4486d0b30,36.14383944682149,0.9616177082061768,0.22513187621884487,0.3680858639817612,0.16185063883370043,0.3480706909902194,0.2333708322902332,0.3450886905193329,15.801430895437601
mbt,q3,ff32adfa29d4b5de26293352f53cc983d12d3ededd71fe65ca0ef0d887be65c4,33.2437397856454,0.9761018753051758,0.11926634397138568,0.22119214131551632,0.09364027275758631,0.28186416879543086,0.12033651935368564,0.7196759581565857,30.81104173847273
mbt,q4,02809272b4ca9b08af45771501b741296187c7e26907efb44abbbfcb6cd804f7,32.2069318775271,0.9875239133834839,0.07400298948016237,0.16211349297972286,0.0681305608328651,0.1892615893103111,0.07086323867876418,0.7832856178283691,39.11894854377298
mbt,q4,0369d229ba4c9965d5caeb38c359a027a810968eee930b81520b604e76b4df14,35.92626304373576,0.9757053852081299,0.13876047274645636,0.35440070190850426,0.1400983089909834,0.2858515655206092,0.1409762884929418,0.6087335348129272,16.613229190602024
mbt,q4,07b9f93f170a0381836bdf301280a5b80b2c4be6e66f793a3c335dc200fb4e5b,32.36453987757821,0.9766864776611328,0.18836807455210125,0.31016225262599834,0.1263033223502776,0.25559596669252854,0.13471804379213484,0.8172997832298279,37.724750234566486
mbt,q4,0d154749c7771f58e89ad343653ec4e20d6f037da829f47f5598e5d0a4ab61f0,31.606091133348265,0.9609473943710327,0.37527921445229473,0.43759170744348974,0.1904447911416783,0.5054928226438171,0.3096572938604677,0.7613678574562073,44.92325822418811
mbt,q4,1b4ad095795ac552b38a21d51be7bfaee8e7d0a70619d84767814321df4ed062,33.75701656714555,0.9719049334526062,0.198222424050695,0.33673091115135895,0.14298772262899498,0.22141446089574401,0.11089638471925935,0.5664101243019104,27.376549168636924
mbt,q4,1cba10ad9bb4ced57e42f7656c5f2a58d32dc6bad084957d2f8d1c78e0fcd224,37.85849154264258,0.9755117893218994,0.21633557605475767,0.37209505327407594,0.18678850615487516,0.20649443701929768,0.11374221207236274,0.24753347039222717,10.647096899335052
mbt,q4,2397c73f8feeb8f630fe055da5551c671794afae80528e8612dc62fc0cf61294,34.40781343873801,0.9862060546875,0.11249817430096513,0.20384314938941422,0.08269555007710176,0.1770396219321365,0.0725339442268064,0.6718613505363464,23.566713220932904
mbt,q4,2684452db505ddbbb53f42a3f3bcfe86fdd0d6d8d98c029db4b4c6fc1f55b750,34.00316670982578,0.9732639193534851,0.1555366199463606,0.27626085452297156,0.12523732571040883,0.3101629202680482,0.13620548162237572,0.8256361484527588,25.86804989085478
mbt,q4,2a760bf1ccea6998be3890dcc2371b23f35fe3006562884b45bc534a621d5c12,41.813264862636224,0.9942636489868164,0.1128532001748681,0.12268561195453694,0.06588325109975092,0.07938601478495756,0.03603610229706804,0.8070855140686035,4.283057201867816
mbt,q4,4ebc0e6c463bcf8ada38673c268aae56d44864347fd74b81a9fb5659bf96a010,33.23849280234973,0.9695461988449097,0.35999122292679897,0.4424459027893403,0.1483870283645742,0.5538816945483297,0.34264686843328696,0.6469206213951111,30.84828898111979
mbt,q4,50d13125b665e0c4c1673264807bfc3cc7a217819329696843fea4c69aff8b91,39.328179228478895,0.9909639358520508,0.025663427598363556,0.13728723464643253,0.07859026123495663,0.03554913465361066,0.014113611449041585,0.810723602771759,7.590361112706802
mbt,q4,50fe4c3d47d864858e1aaa60fecef5c453b4e18d2b368718eeb5c1e249e0c902,31.411026086003403,0.9877344369888306,0.10569787556650462,0.17503244163077555,0.061085144678751625,0.29395089622585147,0.11216276788733927,0.7648053169250488,46.98700378166795
mbt,q4,581048154e3c4b579c79155742dcf643c18b9bb47782aca7f0768eff185bc32e,31.09427270727661,0.9734112024307251,0.2101029247700513,0.32298610367617764,0.11303506889841058,0.36704370937456915,0.17619022847880694,0.3885851502418518,50.54207759200435
mbt,q4,608cb09e6ffc66d4bc838d4088bf4c0ab889d7e83d4f5d78805cbc4497e432a1,31.453403951870275,0.9748612642288208,0.19151771623714298,0.2778707763143614,0.10920609066299364,0.46203556283800185,0.22032412174901267,0.40404027700424194,46.53074067558338
mbt,q4,79b1bb29124f590c2e99e6c71c18affe25115d594a821cadc58bf24bf94dae8d,30.548955540492933,0.9761720895767212,0.09999541901051998,0.24127170145511628,0.09207423627376557,0.3362959063400922,0.1446748801478836,0.707012951374054,57.303982671101885
mbt,q4,8426ed2245c791232862b0a0b2a62a1f17031e8e6e38921fe939df0b3a05ac41,40.00003223393911,0.9788327217102051,0.2649419102817774,0.3932062201201916,0.1843205764889717,0.15340715218291479,0.09047306473382566,0.320919007062912,6.502451737721761
mbt,q4,86127fbdb368eb28c3039cf61aff1c4cfdc4ade24070c8f2389968d5ead681e1,31.117891114680457,0.982526421546936,0.09663761471260766,0.22982862158144107,0.0920282218788491,0.37149608678003865,0.16912328302485644,0.7909130454063416,50.26795867753159
mbt,q4,937476dd72f98638f34299dda5e9c252621b5e809c364692fc2934e000583286,28.01735301820315,0.9877032041549683,0.020781556299577158,0.04965958402802547,0.01237801214059194,0.051498480221804734,0.022507296323814412,0.5135819911956787,102.64671590593126
mbt,q4,a2a946cc516f9eec0f141da3c31a96df94fe342c651af46f0d38f6c04400323a,34.58128525186626,0.9845486879348755,0.10071986918063724,0.23268041895592914,0.08973962015965406,0.1600680240770791,0.06328944894557266,0.40363457798957825,22.643931669347428
mbt,q4,a365e6541bab5c0f4e01bf43a0c3a655d88292a8ac45403a889c308d11854555,30.026849102051347,0.9778884649276733,0.10567945978220772,0.21692960604148753,0.07363409715540269,0.31684868308412556,0.1330410093459059,0.7372981905937195,64.62424029181986
mbt,q4,b0b3744cc6b5ad6426b1ac02909b4389ea7fc4140d72a888ccdfb21f573a6db4,28.827606050566466,0.9755940437316895,0.1299347671077532,0.25338095365201724,0.10016180084032171,0.24239503685579727,0.11156121119875613,0.9530969858169556,85.17649320714614
mbt,q4,bb7344a2ba499b2d48b891abee1b903dc17d265437ac57028b5999b6cd5bcdc4,37.74575278153381,0.9924923181533813,0.04311795171815902,0.08940790104679763,0.05823519080877304,0.1031414835050839,0.0520623842517998,0.5155096650123596,10.927104155222574
mbt,q4,c9510efb03d1852c29ecad84cc0558768728681a3b9b04eae0dbbd9be142dd95,37.066426010105445,0.9876131415367126,0.09408712560201392,0.24211145832258113,0.09230795818216661,0.11662940522690017,0.04472871623070599,0.5762057304382324,12.777260813993566
mbt,q4,d0208a1e9b4fde642b9752da2907d82d5b530a6e2e6e18ef71d5524a92d1cf9a,29.447553983226406,0.9758809804916382,0.10699020876165699,0.20522275834399112,0.06240940251771142,0.17191318110165357,0.06442111297491869,0.8718260526657104,73.84565764782475
mbt,q4,da52c4f66dc00c2f381e8475fbf8a7aa2c5433a9c59cc175646c62e02892faf7,31.263684061841367,0.9905409812927246,0.05386995986542281,0.16217801215894082,0.06156013397609486,0.2840810428442423,0.10989366529341878,0.7074738144874573,48.60847036324295
mbt,q4,e0d8e29cadfc99663c7d1a4a5afe20c454ec54d0d873776ec397c59405c74790,36.368782880030516,0.9809976816177368,0.19984839754726957,0.3296595711918438,0.1558255384950077,0.13973176519267488,0.0640840830959048,0.47350674867630005,15.003827861711091
mbt,q4,ebfd571f1c6824316047a29cb5f376eec15f56dd51821119c1842be068a8b950,34.57585577117099,0.9966341257095337,0.010391934309154749,0.04828254948370159,0.0369526669383049,0.04365340403655105,0.02054693627527206,0.7116789817810059,22.672258456548054
mbt,q4,eda6d42794b0d0140628fa90fc0c14a7ba88159b8474d0077027c32ee2ddf6f0,30.94257766017398,0.9700875282287598,0.24233897592799336,0.31147513114938546,0.09473795867433735,0.5237445468484093,0.2804485895370254,0.804179847240448,52.33865944856132
mbt,q4,f67f11de4ca9ebda3db52c41fd3d26c3105687b2d37571e54631a1e4486d0b30,37.08400231070008,0.9682433605194092,0.20647365895702557,0.36734136449647886,0.1429726805757074,0.28658661168713884,0.183431750293602,0.41996386647224426,12.725654552185457
mbt,q4,ff32adfa29d4b5de26293352f53cc983d12d3ededd71fe65ca0ef0d887be65c4,34.96866022589442,0.9842046499252319,0.08738246202907142,0.19055824566851645,0.07240352946169236,0.19304720269735384,0.0796796967674054,0.7516431212425232,20.711632822074144
codlite,0_0156,02809272b4ca9b08af45771501b741296187c7e26907efb44abbbfcb6cd804f7,16.684999664187625,0.6113390326499939,0.2712000450667213,0.4332402202136376,0.1678765710662393,1.3566113729039417,0.5140072640854554,0.9023643136024475,1395.0198729271983
codlite,0_0156,0369d229ba4c9965d5caeb38c359a027a810968eee930b81520b604e76b4df14,26.673371460032897,0.8933843374252319,0.10023178687209593,0.2772021744181128,0.12190298999057096,0.2605112892556563,0.10039455315950889,0.7386462092399597,139.87600337009803
codlite,0_0156,07b9f93f170a0381836bdf301280a5b80b2c4be6e66f793a3c335dc200fb4e5b,20.855637713321368,0.8002437949180603,0.14875703936114032,0.28784444787923025,0.12278979315477259,0.43939604057790455,0.15910628878018127,0.8170410394668579,533.969670194738
codlite,0_0156,0d154749c7771f58e89ad343653ec4e20d6f037da829f47f5598e5d0a4ab61f0,23.45826543168913,0.65810227394104,0.2476633357212824,0.43757021891720155,0.18834814148790696,0.37955374801575836,0.15820282649360623,0.5720988512039185,293.2606667911305
codlite,0_0156,1b4ad095795ac552b38a21d51be7bfaee8e7d0a70619d84767814321df4ed062,25.093085644912602,0.7821482419967651,0.1770529307817158,0.32803654905996826,0.12240711638801977,0.2185539143315509,0.07302693887289329,0.7556968331336975,201.2666399771707
codlite,0_0156,1cba10ad9bb4ced57e42f7656c5f2a58d32dc6bad084957d2f8d1c78e0fcd224,29.88670368674223,0.9262930154800415,0.11768721382233124,0.2898910225739757,0.1390483360556723,0.14652660276926582,0.05930007532456204,0.388837605714798,66.74365599795838
codlite,0_0156,2397c73f8feeb8f630fe055da5551c671794afae80528e8612dc62fc0cf61294,20.877002105223323,0.7961418032646179,0.16476298789767657,0.28206830682123407,0.14775765906361973,0.6279990953965336,0.21369992866263818,0.6555233597755432,531.3493459664139
codlite,0_0156,2684452db505ddbbb53f42a3f3bcfe86fdd0d6d8d98c029db4b4c6fc1f55b750,21.452009844242824,0.7746729850769043,0.1987676459200242,0.33760062158107756,0.15136577364276438,0.7005648548384937,0.28334854603646675,0.6336527466773987,465.4567968031939
codlite,0_0156,2a760bf1ccea6998be3890dcc2371b23f35fe3006562884b45bc534a621d5c12,26.693419227143824,0.9651791453361511,0.07188748475164175,0.14485121004540344,0.10968674205500505,0.13259068791879455,0.0459212706483297,0.8496612906455994,139.2318001231928
codlite,0_0156,4ebc0e6c463bcf8ada38673c268aae56d44864347fd74b81a9fb5659bf96a010,24.81357314853731,0.778668999671936,0.18676186155746966,0.34139538937631775,0.13410467365208795,0.32688007813624287,0.14879820463901955,0.5591515898704529,214.64612175436582
codlite,0_0156,50d13125b665e0c4c1673264807bfc3cc7a217819329696843fea4c69aff8b91,27.670947463150064,0.957211971282959,0.04460999076186186,0.14201402535169003,0.09972773089128383,0.06753246963546364,0.02490824840546616,0.8438889384269714,111.16949032054228
codlite,0_0156,50fe4c3d47d864858e1aaa60fecef5c453b4e18d2b368718eeb5c1e249e0c902,16.997745880147455,0.6424767971038818,0.2799107555621936,0.43261451531707507,0.17236719473644538,1.4017630697835333,0.514819301297116,0.6121498346328735,1298.0928950054656
codlite,0_0156,581048154e3c4b579c79155742dcf643c18b9bb47782aca7f0768eff185bc32e,19.837506169768936,0.6272362470626831,0.2912227592461712,0.44916863698553255,0.1658562693622086,0.6651105218383896,0.2559229439890533,0.47864070534706116,675.0403665954814
codlite,0_0156,608cb09e6ffc66d4bc838d4088bf4c0ab889d7e83d4f5d78805cbc4497e432a1,18.900154815133888,0.6204396486282349,0.2877014040508691,0.45120563416504395,0.1835806641508551,1.2876047718587407,0.46935555183314454,0.3960893750190735,837.6544101690155
codlite,0_0156,79b1bb29124f590c2e99e6c71c18affe25115d594a821cadc58bf24bf94dae8d,17.725363342409132,0.747887372970581,0.19306462556123732,0.33672057241201403,0.14641960263252257,1.3934124129438714,0.5746187655979174,0.6615657210350037,1097.852579498291
codlite,0_0156,8426ed2245c791232862b0a0b2a62a1f17031e8e6e38921fe939df0b3a05ac41,32.001724443198604,0.9333311319351196,0.0869565315078944,0.2613756963983178,0.11836304143071175,0.07189265025697722,0.026051263996262772,0.2857438027858734,41.01171366373698
codlite,0_0156,86127fbdb368eb28c3039cf61aff1c4cfdc4ade24070c8f2389968d5ead681e1,17.773040722173985,0.5636457204818726,0.24921461903169506,0.4436178048614596,0.18508095306451203,1.3190216959190992,0.4717330990241287,0.639282763004303,1085.8661342266478
codlite,0_0156,937476dd72f98638f34299dda5e9c252621b5e809c364692fc2934e000583286,14.399397700866777,0.20325332880020142,0.27946363389492035,0.36794119824965793,0.22371873756249747,1.9054266833360696,1.4504322439014785,0.39447519183158875,2361.242496172587
codlite,0_0156,a2a946cc516f9eec0f141da3c31a96df94fe342c651af46f0d38f6c04400323a,20.855490255255596,0.7706578969955444,0.2020103599109194,0.33792843884404966,0.1481274336576462,0.71645531007128,0.2423479188230718,0.4584692120552063,533.9878006280637
codlite,0_0156,a365e6541bab5c0f4e01bf43a0c3a655d88292a8ac45403a889c308d11854555,17.507235013769368,0.654848575592041,0.24411218341659097,0.3829207407201038,0.156832353683079,1.0649367090553234,0.41307162919901913,0.6675010323524475,1154.401439113243
codlite,0_0156,b0b3744cc6b5ad6426b1ac02909b4389ea7fc4140d72a888ccdfb21f573a6db4,17.43597005397663,0.648324728012085,0.22375419104800504,0.3690470576286316,0.14490756655440612,0.8761780653796878,0.36616421162015156,0.9056902527809143,1173.500706691368
codlite,0_0156,bb7344a2ba499b2d48b891abee1b903dc17d265437ac57028b5999b6cd5bcdc4,22.86073117971449,0.8702987432479858,0.14738154341466725,0.20950602553784847,0.16920608282089233,0.5617374841831406,0.2956157839336626,0.5042986273765564,336.5171815554301
codlite,0_0156,c9510efb03d1852c29ecad84cc0558768728681a3b9b04eae0dbbd9be142dd95,22.26041153639087,0.8473724722862244,0.16396908534362037,0.31557381924460914,0.13308058398611405,0.4699793649128467,0.14035430834289803,0.6825129985809326,386.4018590590533
codlite,0_0156,d0208a1e9b4fde642b9752da2907d82d5b530a6e2e6e18ef71d5524a92d1cf9a,18.120050066708583,0.4916982054710388,0.2775043447228039,0.4229255776194965,0.14496218632249272,0.6398929205254877,0.24302993735617656,0.8478460311889648,1002.4791625976562
codlite,0_0156,da52c4f66dc00c2f381e8475fbf8a7aa2c5433a9c59cc175646c62e02892faf7,15.466251464161815,0.5513986945152283,0.325616917803007,0.49976229913094466,0.2034413209732841,1.934404310472361,0.6736302779436634,0.72062748670578,1846.9503228879441
codlite,0_0156,e0d8e29cadfc99663c7d1a4a5afe20c454ec54d0d873776ec397c59405c74790,26.902532284327343,0.8782801628112793,0.12936879328506834,0.29149397480137207,0.12977313118822434,0.14619780614729386,0.051002321765989365,0.610373854637146,132.68662037568933
codlite,0_0156,ebfd571f1c6824316047a29cb5f376eec15f56dd51821119c1842be068a8b950,19.399350912142502,0.8854414820671082,0.0977478732529562,0.09047824773006141,0.10831347107887268,1.021388299914935,0.6168052361373886,0.094950832426548,746.6984841028849
codlite,0_0156,eda6d42794b0d0140628fa90fc0c14a7ba88159b8474d0077027c32ee2ddf6f0,18.839745260304255,0.7209855318069458,0.23241644900511294,0.3863191012950504,0.15913726915331447,1.040514842091344,0.3821007290176735,0.6399465799331665,849.3874402015038
codlite,0_0156,f67f11de4ca9ebda3db52c41fd3d26c3105687b2d37571e54631a1e4486d0b30,29.40636289872828,0.9193679690361023,0.08044907782117233,0.2250878381013286,0.11573568220232047,0.13759716357076865,0.06569645693032673,0.603034496307373,74.54938601824193
codlite,0_0156,ff32adfa29d4b5de26293352f53cc983d12d3ededd71fe65ca0ef0d887be65c4,21.37557843037839,0.7815362811088562,0.20186688380644602,0.3267737740102936,0.14181247248369105,0.6399788054052431,0.24933585251563498,0.8542802333831787,473.7208695953968
codlite,0_0312,02809272b4ca9b08af45771501b741296187c7e26907efb44abbbfcb6cd804f7,17.8148409501841,0.7234523296356201,0.2009464168373276,0.36901864321792827,0.12921367760966807,0.9845591874557773,0.34611156802796017,0.9001541137695312,1075.4649618709789
codlite,0_0312,0369d229ba4c9965d5caeb38c359a027a810968eee930b81520b604e76b4df14,28.53133645929557,0.9220110177993774,0.0652560831485864,0.22886103847447564,0.08696947886663324,0.16793134098009846,0.05916394381174402,0.7498006820678711,91.18989485198377
codlite,0_0312,07b9f93f170a0381836bdf301280a5b80b2c4be6e66f793a3c335dc200fb4e5b,21.573338147522406,0.8345348238945007,0.11061337007319226,0.2472706937614609,0.09554673433303833,0.3068691027410643,0.09244853212207745,0.8489960432052612,452.63334637810203
codlite,0_0312,0d154749c7771f58e89ad343653ec4e20d6f037da829f47f5598e5d0a4ab61f0,24.64644565588396,0.7483776807785034,0.18467528061831698,0.37485254494582904,0.15578940019888035,0.27462086153616516,0.11193604862331977,0.5027827620506287,223.06724075616575
codlite,0_0312,1b4ad095795ac552b38a21d51be7bfaee8e7d0a70619d84767814321df4ed062,25.706602947471925,0.8255137205123901,0.13243524475317253,0.28572286783080353,0.09674607295739024,0.1657340439683977,0.05091038700960417,0.7528335452079773,174.75115953411972
codlite,0_0312,1cba10ad9bb4ced57e42f7656c5f2a58d32dc6bad084957d2f8d1c78e0fcd224,31.41620095212557,0.9423786401748657,0.0821851344724882,0.24466371720711005,0.09925334936785467,0.099783323511176,0.03835063525065903,0.37113553285598755,46.93104943334092
codlite,0_0312,2397c73f8feeb8f630fe055da5551c671794afae80528e8612dc62fc0cf61294,21.69585895332013,0.8469650149345398,0.12239400032250321,0.24306046011693339,0.11547361770096948,0.45968330091168974,0.14085093106159635,0.703118085861206,440.04234008789064
codlite,0_0312,2684452db505ddbbb53f42a3f3bcfe86fdd0d6d8d98c029db4b4c6fc1f55b750,22.400555400188686,0.8349906206130981,0.14391891259480924,0.284461588631658,0.10961265932111179,0.48993568741335525,0.18286957365277018,0.668555498123169,374.131970095167
codlite,0_0312,2a760bf1ccea6998be3890dcc2371b23f35fe3006562884b45bc534a621d5c12,28.276387935310268,0.980133056640625,0.03833423222511493,0.11960222340863326,0.0714831321403898,0.08149838901682485,0.02742419353835097,0.8707531690597534,96.70336072198276
codlite,0_0312,4ebc0e6c463bcf8ada38673c268aae56d44864347fd74b81a9fb5659bf96a010,25.752140024234652,0.8186718225479126,0.1452630905982326,0.28314865310402476,0.11483668649897856,0.207150651980895,0.08178644812916123,0.6291232705116272,172.92841401941635
codlite,0_0312,50d13125b665e0c4c1673264807bfc3cc7a217819329696843fea4c69aff8b91,29.919469302449965,0.9674341678619385,0.030181537889053717,0.11238417668158517,0.06639955289223615,0.04295746991373736,0.01363632228933485,0.8667739629745483,66.24199912875306
codlite,0_0312,50fe4c3d47d864858e1aaa60fecef5c453b4e18d2b368718eeb5c1e249e0c902,18.759264280868397,0.7768699526786804,0.20787083329977812,0.3612606143693865,0.13564705425574455,1.0369786289913103,0.33276586082806525,0.6992931365966797,865.2745552219972
codlite,0_0312,581048154e3c4b579c79155742dcf643c18b9bb47782aca7f0768eff185bc32e,20.782899620400062,0.7053898572921753,0.22318098268338613,0.40081152639218737,0.13447525049303913,0.5128636526216404,0.18134606282853485,0.479277104139328,542.9882088126717
codlite,0_0312,608cb09e6ffc66d4bc838d4088bf4c0ab889d7e83d4f5d78805cbc4497e432a1,20.243708698205808,0.7290492057800293,0.21864760301861108,0.3784589067685838,0.15145712214357712,0.9408671729769256,0.31178876635808866,0.4852892756462097,614.7655052234924
codlite,0_0312,79b1bb29124f590c2e99e6c71c18affe25115d594a821cadc58bf24bf94dae8d,18.758756475927008,0.8161575198173523,0.13985247835516929,0.2863696053624153,0.11194233298301696,0.9692734975000349,0.3596616659185111,0.7122941017150879,865.3757345835368
codlite,0_0312,8426ed2245c791232862b0a0b2a62a1f17031e8e6e38921fe939df0b3a05ac41,32.749751467914514,0.9483373165130615,0.06687905872240663,0.23319944832473993,0.09072989970445633,0.04566835138125214,0.015019580621291887,0.31661516427993774,34.52273654937744
codlite,0_0312,86127fbdb368eb28c3039cf61aff1c4cfdc4ade24070c8f2389968d5ead681e1,19.167008513740843,0.6874436140060425,0.19285030430946193,0.38167258242114643,0.14600073949235384,0.9992039103973914,0.35317050529490956,0.6796876192092896,787.733852532392
codlite,0_0312,937476dd72f98638f34299dda5e9c252621b5e809c364692fc2934e000583286,14.371172909595254,0.21589875221252441,0.20875380809108415,0.30657726029555005,0.23479507863521576,1.2110488751883774,0.8981196396014486,0.37330713868141174,2376.63818136851
codlite,0_0312,a2a946cc516f9eec0f141da3c31a96df94fe342c651af46f0d38f6c04400323a,22.258595316572418,0.8475229144096375,0.14069806449115277,0.2751108245814548,0.11228041263187633,0.508588895699136,0.15796421032962307,0.4013362526893616,386.56348613664215
codlite,0_0312,a365e6541bab5c0f4e01bf43a0c3a655d88292a8ac45403a889c308d11854555,18.354778313368417,0.7262582182884216,0.18087891975746434,0.3353252357419799,0.12534558159463546,0.7653452684467245,0.2648338542126931,0.7418700456619263,949.7351890414369
codlite,0_0312,b0b3744cc6b5ad6426b1ac02909b4389ea7fc4140d72a888ccdfb21f573a6db4,17.87914821400872,0.7077369093894958,0.17584731070434345,0.33004092688069625,0.11903303230510039,0.6883316782857197,0.2610889921368835,0.933498740196228,1059.657556511374
codlite,0_0312,bb7344a2ba499b2d48b891abee1b903dc17d265437ac57028b5999b6cd5bcdc4,23.77156312328914,0.9060182571411133,0.11207982711493969,0.18297221092507243,0.13716448843479156,0.3777935002558479,0.17088022038731146,0.5888792276382446,272.85005680720013
codlite,0_0312,c9510efb03d1852c29ecad84cc0558768728681a3b9b04eae0dbbd9be142dd95,24.716676509312325,0.9090557098388672,0.10644827456049183,0.24885002948782023,0.09269931141067954,0.30253986851568415,0.08570763803962697,0.7128966450691223,219.48897477692248
codlite,0_0312,d0208a1e9b4fde642b9752da2907d82d5b530a6e2e6e18ef71d5524a92d1cf9a,18.557859196462132,0.5729958415031433,0.2210528975023943,0.3809741288423538,0.11596710524138282,0.5094108769893971,0.17587154449317013,0.8685004711151123,906.3468740425858
codlite,0_0312,da52c4f66dc00c2f381e8475fbf8a7aa2c5433a9c59cc175646c62e02892faf7,16.97912630698682,0.6878439784049988,0.2505172358277966,0.42855775917277616,0.17138409737278434,1.581559806506266,0.5351687132274088,0.7681499719619751,1303.6701755897673
codlite,0_0312,e0d8e29cadfc99663c7d1a4a5afe20c454ec54d0d873776ec397c59405c74790,27.375500164949532,0.89720618724823,0.09943494747447616,0.25772233561557883,0.10725092519732082,0.11126600570258782,0.03692748367687128,0.6441846489906311,118.99544689702053
codlite,0_0312,ebfd571f1c6824316047a29cb5f376eec15f56dd51821119c1842be068a8b950,19.609691222351152,0.9185439944267273,0.06115892800153233,0.07158013619482517,0.06068223714828491,0.6591466767807358,0.35482163844566905,0.15805324912071228,711.3957046667734
codlite,0_0312,eda6d42794b0d0140628fa90fc0c14a7ba88159b8474d0077027c32ee2ddf6f0,20.069720295878067,0.7967777252197266,0.1680071657048721,0.3253304533222142,0.12341423040511561,0.715309544794496,0.23081707466542148,0.6552231311798096,639.8944321177364
codlite,0_0312,f67f11de4ca9ebda3db52c41fd3d26c3105687b2d37571e54631a1e4486d0b30,31.051108558918877,0.9354838132858276,0.05366296715367878,0.18406818292158492,0.08556113991082884,0.08476142496029043,0.034382217396844876,0.654080867767334,51.046915490642874
codlite,0_0312,ff32adfa29d4b5de26293352f53cc983d12d3ededd71fe65ca0ef0d887be65c4,23.858731147115417,0.8722909688949585,0.12960661066805615,0.25026105436332086,0.10362978437367608,0.4010244671940708,0.13702786144260592,0.885301947593689,267.4282276826746
codlite,0_1250,02809272b4ca9b08af45771501b741296187c7e26907efb44abbbfcb6cd804f7,21.58656572222039,0.9048960208892822,0.10722946859896183,0.23390657261890524,0.08717500812867109,0.45423718691458015,0.13768869199854664,0.9034054279327393,451.25683043236825
codlite,0_1250,0369d229ba4c9965d5caeb38c359a027a810968eee930b81520b604e76b4df14,30.771424836070572,0.9559167623519897,0.04079363804913181,0.15791277372661758,0.05574732615667231,0.08852170420768443,0.03109304565349218,0.7719162106513977,54.442477117800244
codlite,0_1250,07b9f93f170a0381836bdf301280a5b80b2c4be6e66f793a3c335dc200fb4e5b,23.824738445031354,0.9072496294975281,0.07194835133850574,0.1882425905588795,0.06611501416739296,0.1929420551732191,0.05881571460493502,0.8651852011680603,269.5296307732077
codlite,0_1250,0d154749c7771f58e89ad343653ec4e20d6f037da829f47f5598e5d0a4ab61f0,27.13928452925847,0.8894237875938416,0.11564926108454956,0.26639448386781356,0.0950420651365729,0.1611389722517154,0.06365995797953945,0.5941672921180725,125.64693759095435
codlite,0_1250,1b4ad095795ac552b38a21d51be7bfaee8e7d0a70619d84767814321df4ed062,27.42244570963653,0.9066524505615234,0.08689960876577779,0.20117333649020447,0.06263315050225508,0.1052963944521372,0.03317146802749799,0.7529744505882263,117.71607957806503
codlite,0_1250,1cba10ad9bb4ced57e42f7656c5f2a58d32dc6bad084957d2f8d1c78e0fcd224,33.56621533847891,0.9655039310455322,0.04834257125022631,0.17430811440481722,0.06148387086622923,0.05770844552793316,0.022676033633891913,0.3591977655887604,28.60611149562601
codlite,0_1250,2397c73f8feeb8f630fe055da5551c671794afae80528e8612dc62fc0cf61294,24.762875059528703,0.9354438781738281,0.07199300934067544,0.16392973133308045,0.07201020367005292,0.23835249022552904,0.0662657903670467,0.7657859921455383,217.16651144588695
codlite,0_1250,2684452db505ddbbb53f42a3f3bcfe86fdd0d6d8d98c029db4b4c6fc1f55b750,25.85786227398883,0.9276201128959656,0.08190430447678355,0.19070059551912197,0.0710668979322209,0.24177724307610332,0.08245987627818321,0.8967463970184326,168.76956595626532
codlite,0_1250,2a760bf1ccea6998be3890dcc2371b23f35fe3006562884b45bc534a621d5c12,30.980330527003307,0.9903883934020996,0.022658529289966,0.06786332240906255,0.04789731728619542,0.04626977794119114,0.015090587346693222,0.8802057504653931,51.88565554564027
codlite,0_1250,4ebc0e6c463bcf8ada38673c268aae56d44864347fd74b81a9fb5659bf96a010,28.591081545209356,0.9261512160301208,0.09113439423415591,0.20393374439548043,0.07080813050270081,0.1452942842611639,0.06312517673647984,0.5781192779541016,89.94400179993873
codlite,0_1250,50d13125b665e0c4c1673264807bfc3cc7a217819329696843fea4c69aff8b91,30.560774461190086,0.9785306453704834,0.024113275999415613,0.1043129875064444,0.0483668855007957,0.02985763602316334,0.010610018305467424,0.8731132745742798,57.148247213924634
codlite,0_1250,50fe4c3d47d864858e1aaa60fecef5c453b4e18d2b368718eeb5c1e249e0c902,22.26444152771103,0.9137200713157654,0.1112008265875004,0.22685719741347396,0.07910879213868836,0.4906505097178636,0.13015289042513267,0.8233093619346619,386.043467706123
codlite,0_1250,581048154e3c4b579c79155742dcf643c18b9bb47782aca7f0768eff185bc32e,23.393637683592665,0.8677071928977966,0.1432573498318811,0.2914358772910558,0.08856322247903425,0.3079683480001012,0.10445232085334051,0.38969531655311584,297.65733734242644
codlite,0_1250,608cb09e6ffc66d4bc838d4088bf4c0ab889d7e83d4f5d78805cbc4497e432a1,23.516013396816007,0.8880290389060974,0.1154469789973661,0.23713759888036579,0.09018346754943624,0.42558279278530203,0.11274513019429953,0.39045199751853943,289.3870023839614
codlite,0_1250,79b1bb29124f590c2e99e6c71c18affe25115d594a821cadc58bf24bf94dae8d,21.343911630277617,0.9082974791526794,0.07921237722039223,0.19530248194932937,0.07229713797569275,0.49151297352279927,0.16082874541399597,0.7447398900985718,477.18765284220376
codlite,0_1250,8426ed2245c791232862b0a0b2a62a1f17031e8e6e38921fe939df0b3a05ac41,35.80845096515398,0.9723665118217468,0.045240725041367114,0.17736165970563889,0.04894918575882912,0.024209545246218767,0.00811351075324874,0.2715034484863281,17.07006851832072
codlite,0_1250,86127fbdb368eb28c3039cf61aff1c4cfdc4ade24070c8f2389968d5ead681e1,22.40731248298532,0.8820929527282715,0.10452428933416234,0.2403633571306213,0.08898975077222605,0.4662307191875832,0.14519204385844575,0.7967127561569214,373.55031981754826
codlite,0_1250,937476dd72f98638f34299dda5e9c252621b5e809c364692fc2934e000583286,14.908248248580659,0.5136898756027222,0.16663780684272447,0.2760448766251405,0.17129647235075632,0.770656184933614,0.5281235626327371,0.3394297957420349,2100.175249417623
codlite,0_1250,a2a946cc516f9eec0f141da3c31a96df94fe342c651af46f0d38f6c04400323a,25.7205919893039,0.9434689879417419,0.07361999473479741,0.17065193749525967,0.06328403195914101,0.22888625429836643,0.05847022144379976,0.44802790880203247,174.18917487649355
codlite,0_1250,a365e6541bab5c0f4e01bf43a0c3a655d88292a8ac45403a889c308d11854555,20.36781429174433,0.8537327647209167,0.11170943975448608,0.232952230336035,0.08302069008350373,0.4016557503841528,0.12934306149902536,0.7967913150787354,597.4463767855775
codlite,0_1250,b0b3744cc6b5ad6426b1ac02909b4389ea7fc4140d72a888ccdfb21f573a6db4,19.764770495770478,0.8510841131210327,0.12270658327376141,0.2407872604973176,0.07797853894093458,0.4258103981539427,0.1462401949714916,0.9482653141021729,686.4411516974955
codlite,0_1250,bb7344a2ba499b2d48b891abee1b903dc17d265437ac57028b5999b6cd5bcdc4,25.097436068539572,0.9610882997512817,0.07271000929176807,0.13188796769827604,0.09957588464021683,0.16537807232043633,0.06053674935427975,0.5490888357162476,201.06512769063315
codlite,0_1250,c9510efb03d1852c29ecad84cc0558768728681a3b9b04eae0dbbd9be142dd95,29.643699707502705,0.968614935874939,0.04806803181657896,0.14830770694157658,0.0472447709125631,0.11127245477039062,0.027503501235889297,0.7372429966926575,70.58467024260877
codlite,0_1250,d0208a1e9b4fde642b9752da2907d82d5b530a6e2e6e18ef71d5524a92d1cf9a,20.429901108819056,0.7786428332328796,0.15538962974267848,0.28938318192958834,0.0810829057412989,0.3593249648271012,0.1261520671026047,0.8205230832099915,588.9660346536075
codlite,0_1250,da52c4f66dc00c2f381e8475fbf8a7aa2c5433a9c59cc175646c62e02892faf7,21.077588464614784,0.8996798992156982,0.12811867211233166,0.2506604239344597,0.10461966675870558,0.6745321458457457,0.1686602083281863,0.7464795708656311,507.3661797018612
codlite,0_1250,e0d8e29cadfc99663c7d1a4a5afe20c454ec54d0d873776ec397c59405c74790,28.77576934695551,0.9403904676437378,0.07066280824296614,0.1897333743160262,0.06911767335499035,0.07323352772782628,0.026256882379837018,0.5819953083992004,86.19923789828431
codlite,0_1250,ebfd571f1c6824316047a29cb5f376eec15f56dd51821119c1842be068a8b950,20.877874783275196,0.950922966003418,0.04749054048443213,0.05628311121836305,0.048288244754076004,0.38174894006625526,0.19283407948047263,0.1607341468334198,531.2425865332285
codlite,0_1250,eda6d42794b0d0140628fa90fc0c14a7ba88159b8474d0077027c32ee2ddf6f0,22.941958107751766,0.8993772864341736,0.0985636653232516,0.22699667520675004,0.07974481085936229,0.3752932369382453,0.11655845502484771,0.6912109851837158,330.28172950495303
codlite,0_1250,f67f11de4ca9ebda3db52c41fd3d26c3105687b2d37571e54631a1e4486d0b30,32.84999217399117,0.9562844038009644,0.03712701612818694,0.1416684820079336,0.055259087214282916,0.0480240954265083,0.019255455333420983,0.6230266094207764,33.73503332200393
codlite,0_1250,ff32adfa29d4b5de26293352f53cc983d12d3ededd71fe65ca0ef0d887be65c4,28.050592096470673,0.9523015022277832,0.057331687420168344,0.1341938972911414,0.05252347080146565,0.16709573154561813,0.05270412865086972,0.9024472236633301,101.86409971947764
codlite,0_5000,02809272b4ca9b08af45771501b741296187c7e26907efb44abbbfcb6cd804f7,27.73580891524764,0.9799410700798035,0.04105307680061635,0.10577503416468115,0.03785334001569187,0.12744028861069878,0.033959390686557275,0.9093181490898132,109.52152171415442
codlite,0_5000,0369d229ba4c9965d5caeb38c359a027a810968eee930b81520b604e76b4df14,33.912403448135905,0.9804592132568359,0.019499990416635922,0.09580899457282879,0.027161266172633453,0.04362743934696579,0.016378177523261338,0.72409987449646,26.414355349073222
codlite,0_5000,07b9f93f170a0381836bdf301280a5b80b2c4be6e66f793a3c335dc200fb4e5b,27.75915025985207,0.9660553336143494,0.03922289020436651,0.11835795369218377,0.03819621117676006,0.09931691760970994,0.03384135228191839,0.8415398597717285,108.93447253657322
codlite,0_5000,0d154749c7771f58e89ad343653ec4e20d6f037da829f47f5598e5d0a4ab61f0,30.35464396877016,0.9619860649108887,0.06658236730624648,0.17112716817680526,0.05645730214960435,0.09455742039156388,0.043043850032778955,0.56669682264328,59.92609300800398
codlite,0_5000,1b4ad095795ac552b38a21d51be7bfaee8e7d0a70619d84767814321df4ed062,30.87375980274868,0.9708800315856934,0.04796972537511274,0.11247869169241503,0.03559417787351107,0.05075352305028733,0.016097899055233317,0.7666720151901245,53.17461823580558
codlite,0_5000,1cba10ad9bb4ced57e42f7656c5f2a58d32dc6bad084957d2f8d1c78e0fcd224,37.03333116491853,0.9840811491012573,0.025697975473713528,0.10331965146532048,0.03315912389639512,0.029385761474620402,0.012226183601512538,0.29632705450057983,12.875000197524777
codlite,0_5000,2397c73f8feeb8f630fe055da5551c671794afae80528e8612dc62fc0cf61294,30.20574447936263,0.9835583567619324,0.030182805295814488,0.08184676894589382,0.031738022320410786,0.07775262891504511,0.020145239800670754,0.7942084074020386,62.016308713426774
codlite,0_5000,2684452db505ddbbb53f42a3f3bcfe86fdd0d6d8d98c029db4b4c6fc1f55b750,31.300380316725807,0.9788780212402344,0.03621943484553519,0.0970052721855395,0.0341845444020103,0.07962221051910305,0.024020273895453144,0.920173168182373,48.19947737151501
codlite,0_5000,2a760bf1ccea6998be3890dcc2371b23f35fe3006562884b45bc534a621d5c12,35.30321029951904,0.9952038526535034,0.016817947777373523,0.049999258994799234,0.026647386879756534,0.025359995999683006,0.009404094046647375,0.911332905292511,19.176057837475305
codlite,0_5000,4ebc0e6c463bcf8ada38673c268aae56d44864347fd74b81a9fb5659bf96a010,31.703262365722722,0.9727283716201782,0.049400631338357925,0.1360048702096238,0.04463471893002005,0.08365785421388756,0.04056077191129923,0.547012984752655,43.92928394990809
codlite,0_5000,50d13125b665e0c4c1673264807bfc3cc7a217819329696843fea4c69aff8b91,31.603009023445146,0.9822940826416016,0.014605119532343986,0.057979210020344264,0.039656920643413765,0.01623502169293551,0.006508554937892635,0.8756142854690552,44.95515076880361
codlite,0_5000,50fe4c3d47d864858e1aaa60fecef5c453b4e18d2b368718eeb5c1e249e0c902,27.19325627984184,0.9773316383361816,0.04845745702860532,0.1102216614663233,0.03981206464914628,0.1719030654462866,0.03942566190207049,0.9199399948120117,124.09512844007202
codlite,0_5000,581048154e3c4b579c79155742dcf643c18b9bb47782aca7f0768eff185bc32e,27.555300683234528,0.9637527465820312,0.07668872333162434,0.16841598849866415,0.05734810200366345,0.13529720751228444,0.04340442659390301,0.32959145307540894,114.16955085726448
codlite,0_5000,608cb09e6ffc66d4bc838d4088bf4c0ab889d7e83d4f5d78805cbc4497e432a1,28.110557849920667,0.9650559425354004,0.04941923346589593,0.12297317517154358,0.04415486285499498,0.15185150653860546,0.03678278682342956,0.3797215521335602,100.46726411308339
codlite,0_5000,79b1bb29124f590c2e99e6c71c18affe25115d594a821cadc58bf24bf94dae8d,25.46728676957912,0.9654902219772339,0.035926428623497486,0.11120085045695305,0.03686726987361908,0.19750230882068537,0.059005966681487255,0.7095476984977722,184.65100847880046
codlite,0_5000,8426ed2245c791232862b0a0b2a62a1f17031e8e6e38921fe939df0b3a05ac41,39.38429665766729,0.9897446036338806,0.02468071971088648,0.10118961101397872,0.024861451238393784,0.010709684555452625,0.004080350648709631,0.21268153190612793,7.4929130872090655
codlite,0_5000,86127fbdb368eb28c3039cf61aff1c4cfdc4ade24070c8f2389968d5ead681e1,27.26608394125186,0.9710134267807007,0.041703554847445645,0.12072976837392713,0.04524693039597058,0.15968542882863732,0.04622797708440109,0.8220362663269043,122.03150481343921
codlite,0_5000,937476dd72f98638f34299dda5e9c252621b5e809c364692fc2934e000583286,19.771902814243827,0.8963582515716553,0.07708511377374332,0.1683002139131228,0.06605157752831776,0.31214738849909435,0.17317985726125684,0.46575313806533813,685.3147503534952
codlite,0_5000,a2a946cc516f9eec0f141da3c31a96df94fe342c651af46f0d38f6c04400323a,30.84483557519329,0.984074592590332,0.029601051213274547,0.08233667318435277,0.026951326166882235,0.07185613436084348,0.01581179539230764,0.5146099328994751,53.52994576248468
codlite,0_5000,a365e6541bab5c0f4e01bf43a0c3a655d88292a8ac45403a889c308d11854555,24.383478089548966,0.9573483467102051,0.052729558966615624,0.12975944495376418,0.04148725218632642,0.15896096498422327,0.050331912842805304,0.8223283886909485,236.99138111787684
codlite,0_5000,b0b3744cc6b5ad6426b1ac02909b4389ea7fc4140d72a888ccdfb21f573a6db4,23.50332433245835,0.9515573382377625,0.0662391314173446,0.14218770090271446,0.044948034777360805,0.18739153136827072,0.05718164237184588,0.9523952603340149,290.2337596220129
codlite,0_5000,bb7344a2ba499b2d48b891abee1b903dc17d265437ac57028b5999b6cd5bcdc4,29.099800351432812,0.9870719909667969,0.0593171832151711,0.08986183442175388,0.058455921709537506,0.06545513578640794,0.03000736454730609,0.5790427327156067,80.00190448760986
codlite,0_5000,c9510efb03d1852c29ecad84cc0558768728681a3b9b04eae0dbbd9be142dd95,35.13748010756816,0.9899362921714783,0.01830766854040763,0.07565227620961035,0.021908942916814018,0.03424518788074104,0.009120723099497166,0.7697191834449768,19.921973134957106
codlite,0_5000,d0208a1e9b4fde642b9752da2907d82d5b530a6e2e6e18ef71d5524a92d1cf9a,24.21846066620574,0.9338350296020508,0.09072256780722562,0.17217240276582102,0.055710391787921684,0.1705184737282894,0.053333293741999396,0.8322963118553162,246.1695287367877
codlite,0_5000,da52c4f66dc00c2f381e8475fbf8a7aa2c5433a9c59cc175646c62e02892faf7,27.135671721545506,0.9790424108505249,0.04602224075180643,0.10483498958980336,0.04876356230062597,0.18439681030302596,0.03904176439779228,0.7514820098876953,125.75150421740962
codlite,0_5000,e0d8e29cadfc99663c7d1a4a5afe20c454ec54d0d873776ec397c59405c74790,32.19432298587675,0.982121467590332,0.03647964612361701,0.10540060468894594,0.03905794497798471,0.0323843748401648,0.010715747648458,0.5770673751831055,39.23268779679841
codlite,0_5000,ebfd571f1c6824316047a29cb5f376eec15f56dd51821119c1842be068a8b950,26.643121163653536,0.9886431694030762,0.02165124745806679,0.041947543155401945,0.04233822599053383,0.11247364903283724,0.04823489948209623,0.5925303101539612,140.8536950747172
codlite,0_5000,eda6d42794b0d0140628fa90fc0c14a7ba88159b8474d0077027c32ee2ddf6f0,27.062832737095643,0.9633687734603882,0.04983929583948909,0.13883141106834598,0.03824981316631915,0.14937232484746846,0.04411291746911983,0.7792306542396545,127.8783686020795
codlite,0_5000,f67f11de4ca9ebda3db52c41fd3d26c3105687b2d37571e54631a1e4486d0b30,36.15664864801361,0.9793509840965271,0.021711319284376633,0.10288148806156482,0.029374453659151114,0.03057377852642989,0.013705859464537182,0.5889641642570496,15.754894381255106
codlite,0_5000,ff32adfa29d4b5de26293352f53cc983d12d3ededd71fe65ca0ef0d887be65c4,32.910393592728965,0.9844345450401306,0.022375746772569767,0.05861514490097761,0.023826334581655614,0.05222387588087726,0.015542550156078085,0.9103869795799255,33.26909610523897
