name,rate,qp,bytes,bpp
02809272b4ca9b08af45771501b741296187c7e26907efb44abbbfcb6cd804f7,0.075,51,30689,0.0881
02809272b4ca9b08af45771501b741296187c7e26907efb44abbbfcb6cd804f7,0.15,48,48712,0.1399
02809272b4ca9b08af45771501b741296187c7e26907efb44abbbfcb6cd804f7,0.3,43,98243,0.2822
0369d229ba4c9965d5caeb38c359a027a810968eee930b81520b604e76b4df14,0.075,40,23899,0.0686
0369d229ba4c9965d5caeb38c359a027a810968eee930b81520b604e76b4df14,0.15,35,48255,0.1386
0369d229ba4c9965d5caeb38c359a027a810968eee930b81520b604e76b4df14,0.3,30,95951,0.2756
07b9f93f170a0381836bdf301280a5b80b2c4be6e66f793a3c335dc200fb4e5b,0.075,47,24982,0.0718
07b9f93f170a0381836bdf301280a5b80b2c4be6e66f793a3c335dc200fb4e5b,0.15,44,43629,0.1253
07b9f93f170a0381836bdf301280a5b80b2c4be6e66f793a3c335dc200fb4e5b,0.3,39,99522,0.2859
0d154749c7771f58e89ad343653ec4e20d6f037da829f47f5598e5d0a4ab61f0,0.075,45,25177,0.0723
0d154749c7771f58e89ad343653ec4e20d6f037da829f47f5598e5d0a4ab61f0,0.15,41,46589,0.1338
0d154749c7771f58e89ad343653ec4e20d6f037da829f47f5598e5d0a4ab61f0,0.3,36,100468,0.2886
1b4ad095795ac552b38a21d51be7bfaee8e7d0a70619d84767814321df4ed062,0.075,44,21736,0.0698
1b4ad095795ac552b38a21d51be7bfaee8e7d0a70619d84767814321df4ed062,0.15,40,45820,0.1472
1b4ad095795ac552b38a21d51be7bfaee8e7d0a70619d84767814321df4ed062,0.3,36,86352,0.2774
1cba10ad9bb4ced57e42f7656c5f2a58d32dc6bad084957d2f8d1c78e0fcd224,0.075,35,30612,0.0726
1cba10ad9bb4ced57e42f7656c5f2a58d32dc6bad084957d2f8d1c78e0fcd224,0.15,30,62199,0.1474
1cba10ad9bb4ced57e42f7656c5f2a58d32dc6bad084957d2f8d1c78e0fcd224,0.3,26,117381,0.2782
2397c73f8feeb8f630fe055da5551c671794afae80528e8612dc62fc0cf61294,0.075,47,25692,0.0738
2397c73f8feeb8f630fe055da5551c671794afae80528e8612dc62fc0cf61294,0.15,43,46499,0.1336
2397c73f8feeb8f630fe055da5551c671794afae80528e8612dc62fc0cf61294,0.3,37,98062,0.2817
2684452db505ddbbb53f42a3f3bcfe86fdd0d6d8d98c029db4b4c6fc1f55b750,0.075,47,23475,0.0674
2684452db505ddbbb53f42a3f3bcfe86fdd0d6d8d98c029db4b4c6fc1f55b750,0.15,41,50893,0.1462
2684452db505ddbbb53f42a3f3bcfe86fdd0d6d8d98c029db4b4c6fc1f55b750,0.3,36,94461,0.2713
2a760bf1ccea6998be3890dcc2371b23f35fe3006562884b45bc534a621d5c12,0.075,33,17055,0.0718
2a760bf1ccea6998be3890dcc2371b23f35fe3006562884b45bc534a621d5c12,0.15,25,33301,0.1402
2a760bf1ccea6998be3890dcc2371b23f35fe3006562884b45bc534a621d5c12,0.3,17,66186,0.2786
4ebc0e6c463bcf8ada38673c268aae56d44864347fd74b81a9fb5659bf96a010,0.075,42,25859,0.0743
4ebc0e6c463bcf8ada38673c268aae56d44864347fd74b81a9fb5659bf96a010,0.15,37,51360,0.1475
4ebc0e6c463bcf8ada38673c268aae56d44864347fd74b81a9fb5659bf96a010,0.3,33,98492,0.2829
50d13125b665e0c4c1673264807bfc3cc7a217819329696843fea4c69aff8b91,0.075,38,23515,0.0675
50d13125b665e0c4c1673264807bfc3cc7a217819329696843fea4c69aff8b91,0.15,31,52023,0.1494
50d13125b665e0c4c1673264807bfc3cc7a217819329696843fea4c69aff8b91,0.3,23,97670,0.2805
50fe4c3d47d864858e1aaa60fecef5c453b4e18d2b368718eeb5c1e249e0c902,0.075,51,26081,0.0786
50fe4c3d47d864858e1aaa60fecef5c453b4e18d2b368718eeb5c1e249e0c902,0.15,47,44396,0.1338
50fe4c3d47d864858e1aaa60fecef5c453b4e18d2b368718eeb5c1e249e0c902,0.3,42,91981,0.2772
581048154e3c4b579c79155742dcf643c18b9bb47782aca7f0768eff185bc32e,0.075,49,26270,0.0705
581048154e3c4b579c79155742dcf643c18b9bb47782aca7f0768eff185bc32e,0.15,45,52093,0.1398
581048154e3c4b579c79155742dcf643c18b9bb47782aca7f0768eff185bc32e,0.3,41,99116,0.2659
608cb09e6ffc66d4bc838d4088bf4c0ab889d7e83d4f5d78805cbc4497e432a1,0.075,50,28374,0.0679
608cb09e6ffc66d4bc838d4088bf4c0ab889d7e83d4f5d78805cbc4497e432a1,0.15,45,58233,0.1394
608cb09e6ffc66d4bc838d4088bf4c0ab889d7e83d4f5d78805cbc4497e432a1,0.3,40,114015,0.2729
79b1bb29124f590c2e99e6c71c18affe25115d594a821cadc58bf24bf94dae8d,0.075,51,23570,0.0719
79b1bb29124f590c2e99e6c71c18affe25115d594a821cadc58bf24bf94dae8d,0.15,47,42312,0.1291
79b1bb29124f590c2e99e6c71c18affe25115d594a821cadc58bf24bf94dae8d,0.3,41,97255,0.2968
8426ed2245c791232862b0a0b2a62a1f17031e8e6e38921fe939df0b3a05ac41,0.075,32,38883,0.0742
8426ed2245c791232862b0a0b2a62a1f17031e8e6e38921fe939df0b3a05ac41,0.15,27,78097,0.149
8426ed2245c791232862b0a0b2a62a1f17031e8e6e38921fe939df0b3a05ac41,0.3,23,147092,0.2806
86127fbdb368eb28c3039cf61aff1c4cfdc4ade24070c8f2389968d5ead681e1,0.075,51,19574,0.0783
86127fbdb368eb28c3039cf61aff1c4cfdc4ade24070c8f2389968d5ead681e1,0.15,47,36978,0.148
86127fbdb368eb28c3039cf61aff1c4cfdc4ade24070c8f2389968d5ead681e1,0.3,43,65990,0.2641
937476dd72f98638f34299dda5e9c252621b5e809c364692fc2934e000583286,0.075,51,54966,0.1398
937476dd72f98638f34299dda5e9c252621b5e809c364692fc2934e000583286,0.15,51,54966,0.1398
937476dd72f98638f34299dda5e9c252621b5e809c364692fc2934e000583286,0.3,48,98775,0.2512
a2a946cc516f9eec0f141da3c31a96df94fe342c651af46f0d38f6c04400323a,0.075,47,23125,0.0664
a2a946cc516f9eec0f141da3c31a96df94fe342c651af46f0d38f6c04400323a,0.15,41,50496,0.145
a2a946cc516f9eec0f141da3c31a96df94fe342c651af46f0d38f6c04400323a,0.3,35,99929,0.287
a365e6541bab5c0f4e01bf43a0c3a655d88292a8ac45403a889c308d11854555,0.075,51,26780,0.0769
a365e6541bab5c0f4e01bf43a0c3a655d88292a8ac45403a889c308d11854555,0.15,47,52220,0.15
a365e6541bab5c0f4e01bf43a0c3a655d88292a8ac45403a889c308d11854555,0.3,43,100123,0.2876
b0b3744cc6b5ad6426b1ac02909b4389ea7fc4140d72a888ccdfb21f573a6db4,0.075,51,26100,0.075
b0b3744cc6b5ad6426b1ac02909b4389ea7fc4140d72a888ccdfb21f573a6db4,0.15,47,51334,0.1474
b0b3744cc6b5ad6426b1ac02909b4389ea7fc4140d72a888ccdfb21f573a6db4,0.3,43,100410,0.2884
bb7344a2ba499b2d48b891abee1b903dc17d265437ac57028b5999b6cd5bcdc4,0.075,44,18059,0.0689
bb7344a2ba499b2d48b891abee1b903dc17d265437ac57028b5999b6cd5bcdc4,0.15,37,36583,0.1396
bb7344a2ba499b2d48b891abee1b903dc17d265437ac57028b5999b6cd5bcdc4,0.3,29,73196,0.2792
c9510efb03d1852c29ecad84cc0558768728681a3b9b04eae0dbbd9be142dd95,0.075,44,25695,0.0738
c9510efb03d1852c29ecad84cc0558768728681a3b9b04eae0dbbd9be142dd95,0.15,38,47497,0.1364
c9510efb03d1852c29ecad84cc0558768728681a3b9b04eae0dbbd9be142dd95,0.3,31,95218,0.2735
d0208a1e9b4fde642b9752da2907d82d5b530a6e2e6e18ef71d5524a92d1cf9a,0.075,51,24296,0.0698
d0208a1e9b4fde642b9752da2907d82d5b530a6e2e6e18ef71d5524a92d1cf9a,0.15,48,43838,0.1259
d0208a1e9b4fde642b9752da2907d82d5b530a6e2e6e18ef71d5524a92d1cf9a,0.3,44,99219,0.285
da52c4f66dc00c2f381e8475fbf8a7aa2c5433a9c59cc175646c62e02892faf7,0.075,51,41677,0.1197
da52c4f66dc00c2f381e8475fbf8a7aa2c5433a9c59cc175646c62e02892faf7,0.15,50,46990,0.135
da52c4f66dc00c2f381e8475fbf8a7aa2c5433a9c59cc175646c62e02892faf7,0.3,44,103192,0.2964
e0d8e29cadfc99663c7d1a4a5afe20c454ec54d0d873776ec397c59405c74790,0.075,42,24212,0.0695
e0d8e29cadfc99663c7d1a4a5afe20c454ec54d0d873776ec397c59405c74790,0.15,38,47917,0.1376
e0d8e29cadfc99663c7d1a4a5afe20c454ec54d0d873776ec397c59405c74790,0.3,32,103673,0.2978
ebfd571f1c6824316047a29cb5f376eec15f56dd51821119c1842be068a8b950,0.075,51,33864,0.0646
ebfd571f1c6824316047a29cb5f376eec15f56dd51821119c1842be068a8b950,0.15,46,74767,0.1426
ebfd571f1c6824316047a29cb5f376eec15f56dd51821119c1842be068a8b950,0.3,38,155818,0.2972
eda6d42794b0d0140628fa90fc0c14a7ba88159b8474d0077027c32ee2ddf6f0,0.075,50,27279,0.0653
eda6d42794b0d0140628fa90fc0c14a7ba88159b8474d0077027c32ee2ddf6f0,0.15,45,60201,0.1441
eda6d42794b0d0140628fa90fc0c14a7ba88159b8474d0077027c32ee2ddf6f0,0.3,40,121911,0.2918
f67f11de4ca9ebda3db52c41fd3d26c3105687b2d37571e54631a1e4486d0b30,0.075,34,27339,0.0654
f67f11de4ca9ebda3db52c41fd3d26c3105687b2d37571e54631a1e4486d0b30,0.15,30,57509,0.1376
f67f11de4ca9ebda3db52c41fd3d26c3105687b2d37571e54631a1e4486d0b30,0.3,27,105528,0.2526
ff32adfa29d4b5de26293352f53cc983d12d3ededd71fe65ca0ef0d887be65c4,0.075,46,23941,0.0688
ff32adfa29d4b5de26293352f53cc983d12d3ededd71fe65ca0ef0d887be65c4,0.15,40,47690,0.137
ff32adfa29d4b5de26293352f53cc983d12d3ededd71fe65ca0ef0d887be65c4,0.3,33,103617,0.2976
