name,H,W,pixels,n_colors,colors_per_px,flat_frac,sharp_edge_frac,n_text_boxes,text_area_frac,label_suggested,label
02809272b4ca9b08af45771501b741296187c7e26907efb44abbbfcb6cd804f7,2048,1360,2785280,567873,0.2039,0.076,0.04,0,0.0,natural,natural
0369d229ba4c9965d5caeb38c359a027a810968eee930b81520b604e76b4df14,2048,1360,2785280,387449,0.1391,0.203,0.0016,0,0.0,natural,natural
07b9f93f170a0381836bdf301280a5b80b2c4be6e66f793a3c335dc200fb4e5b,1360,2048,2785280,585604,0.2102,0.013,0.0144,0,0.0,natural,natural
0d154749c7771f58e89ad343653ec4e20d6f037da829f47f5598e5d0a4ab61f0,2048,1360,2785280,221748,0.0796,0.005,0.0007,0,0.0,natural,natural
1b4ad095795ac552b38a21d51be7bfaee8e7d0a70619d84767814321df4ed062,1216,2048,2490368,323623,0.1299,0.17,0.0012,0,0.0,natural,natural
1cba10ad9bb4ced57e42f7656c5f2a58d32dc6bad084957d2f8d1c78e0fcd224,2048,1648,3375104,333041,0.0987,0.352,0.0001,0,0.0,natural,natural
2397c73f8feeb8f630fe055da5551c671794afae80528e8612dc62fc0cf61294,2048,1360,2785280,315111,0.1131,0.361,0.0096,1,0.0025,natural,natural
2684452db505ddbbb53f42a3f3bcfe86fdd0d6d8d98c029db4b4c6fc1f55b750,2048,1360,2785280,382513,0.1373,0.084,0.0125,28,0.0612,screen,natural
2a760bf1ccea6998be3890dcc2371b23f35fe3006562884b45bc534a621d5c12,928,2048,1900544,36013,0.0189,0.884,0.0062,5,0.0092,screen,screen
4ebc0e6c463bcf8ada38673c268aae56d44864347fd74b81a9fb5659bf96a010,2048,1360,2785280,269614,0.0968,0.026,0.0015,0,0.0,natural,natural
50d13125b665e0c4c1673264807bfc3cc7a217819329696843fea4c69aff8b91,2048,1360,2785280,12920,0.0046,0.888,0.0032,0,0.0,screen,natural
50fe4c3d47d864858e1aaa60fecef5c453b4e18d2b368718eeb5c1e249e0c902,1296,2048,2654208,706462,0.2662,0.006,0.0157,2,0.0004,natural,natural
581048154e3c4b579c79155742dcf643c18b9bb47782aca7f0768eff185bc32e,2048,1456,2981888,451156,0.1513,0.001,0.0087,2,0.0059,natural,natural
608cb09e6ffc66d4bc838d4088bf4c0ab889d7e83d4f5d78805cbc4497e432a1,2048,1632,3342336,1005045,0.3007,0.0,0.006,5,0.0295,natural,natural
79b1bb29124f590c2e99e6c71c18affe25115d594a821cadc58bf24bf94dae8d,1280,2048,2621440,930337,0.3549,0.024,0.0513,0,0.0,natural,natural
8426ed2245c791232862b0a0b2a62a1f17031e8e6e38921fe939df0b3a05ac41,2048,2048,4194304,160744,0.0383,0.042,0.0,0,0.0,natural,natural
86127fbdb368eb28c3039cf61aff1c4cfdc4ade24070c8f2389968d5ead681e1,976,2048,1998848,75678,0.0379,0.009,0.0271,18,0.0064,natural,screen
937476dd72f98638f34299dda5e9c252621b5e809c364692fc2934e000583286,1536,2048,3145728,256,0.0001,0.0,0.2397,0,0.0,natural,texture
a2a946cc516f9eec0f141da3c31a96df94fe342c651af46f0d38f6c04400323a,2048,1360,2785280,493517,0.1772,0.245,0.0064,0,0.0,natural,natural
a365e6541bab5c0f4e01bf43a0c3a655d88292a8ac45403a889c308d11854555,1360,2048,2785280,504056,0.181,0.06,0.0518,1,0.0002,natural,natural
b0b3744cc6b5ad6426b1ac02909b4389ea7fc4140d72a888ccdfb21f573a6db4,1360,2048,2785280,1081050,0.3881,0.001,0.0406,0,0.0,natural,natural
bb7344a2ba499b2d48b891abee1b903dc17d265437ac57028b5999b6cd5bcdc4,1024,2048,2097152,47437,0.0226,0.68,0.013,15,0.0358,screen,screen
c9510efb03d1852c29ecad84cc0558768728681a3b9b04eae0dbbd9be142dd95,1360,2048,2785280,600025,0.2154,0.119,0.0024,3,0.032,screen,natural
d0208a1e9b4fde642b9752da2907d82d5b530a6e2e6e18ef71d5524a92d1cf9a,2048,1360,2785280,649166,0.2331,0.01,0.0228,0,0.0,natural,natural
da52c4f66dc00c2f381e8475fbf8a7aa2c5433a9c59cc175646c62e02892faf7,1360,2048,2785280,735832,0.2642,0.0,0.0199,0,0.0,natural,natural
e0d8e29cadfc99663c7d1a4a5afe20c454ec54d0d873776ec397c59405c74790,2048,1360,2785280,95161,0.0342,0.437,0.004,0,0.0,screen,natural
ebfd571f1c6824316047a29cb5f376eec15f56dd51821119c1842be068a8b950,2048,2048,4194304,32985,0.0079,0.763,0.0506,217,0.1938,screen,screen
eda6d42794b0d0140628fa90fc0c14a7ba88159b8474d0077027c32ee2ddf6f0,2048,1632,3342336,519568,0.1555,0.0,0.0317,1,0.0003,natural,natural
f67f11de4ca9ebda3db52c41fd3d26c3105687b2d37571e54631a1e4486d0b30,2048,1632,3342336,309370,0.0926,0.329,0.0,0,0.0,natural,natural
ff32adfa29d4b5de26293352f53cc983d12d3ededd71fe65ca0ef0d887be65c4,1360,2048,2785280,1069230,0.3839,0.046,0.0008,1,0.0004,natural,natural
