name,cfg,mse,psnr,msssim,lpips,dists,text_psnr,ocr_cer,ocr_chars
02809272b4ca9b08af45771501b741296187c7e26907efb44abbbfcb6cd804f7,dcae,510.5520997290518,21.050402942288798,0.8932325839996338,0.1045489149277701,0.07379831303568447,,,
02809272b4ca9b08af45771501b741296187c7e26907efb44abbbfcb6cd804f7,hevc@0.075,437.5531519272748,21.720495442258812,0.8446035385131836,0.431607430822709,0.23206624862025765,,,
02809272b4ca9b08af45771501b741296187c7e26907efb44abbbfcb6cd804f7,hevc@0.15,321.9773672066483,23.052550160128263,0.8873353004455566,0.34450790137052534,0.194301078600042,,,
02809272b4ca9b08af45771501b741296187c7e26907efb44abbbfcb6cd804f7,hevc@0.3,170.05188347311582,25.82498914381874,0.9394382834434509,0.2140430489445434,0.14175979828133303,,,
02809272b4ca9b08af45771501b741296187c7e26907efb44abbbfcb6cd804f7,sdvae,278.39083610983454,23.684254255200237,0.9447590708732605,0.08005167743300691,0.0623871715629802,,,
0369d229ba4c9965d5caeb38c359a027a810968eee930b81520b604e76b4df14,dcae,42.57451973709406,31.839306032751114,0.9595044851303101,0.03100162082187393,0.041422481922542345,,,
0369d229ba4c9965d5caeb38c359a027a810968eee930b81520b604e76b4df14,hevc@0.075,33.7131762934666,32.85280689280163,0.9457284808158875,0.165565794399556,0.14230126948917612,,,
0369d229ba4c9965d5caeb38c359a027a810968eee930b81520b604e76b4df14,hevc@0.15,20.306705250459558,35.054408957407496,0.9636566042900085,0.11722647909294157,0.10143946356633131,,,
0369d229ba4c9965d5caeb38c359a027a810968eee930b81520b604e76b4df14,hevc@0.3,11.928657441980699,37.36488793840477,0.976932942867279,0.07573057575260891,0.06620932186351103,,,
0369d229ba4c9965d5caeb38c359a027a810968eee930b81520b604e76b4df14,sdvae,60.046117565678614,30.34595428634583,0.9659254550933838,0.03251366581877365,0.04322700763449949,,,
07b9f93f170a0381836bdf301280a5b80b2c4be6e66f793a3c335dc200fb4e5b,dcae,310.69826121610754,23.207415380807916,0.8972760438919067,0.07352855131030082,0.055226968141163096,,,
07b9f93f170a0381836bdf301280a5b80b2c4be6e66f793a3c335dc200fb4e5b,hevc@0.075,182.5139891381357,25.517842034580887,0.8876641988754272,0.4286508686402265,0.21042591000304503,,,
07b9f93f170a0381836bdf301280a5b80b2c4be6e66f793a3c335dc200fb4e5b,hevc@0.15,134.7125140021829,26.836724198616434,0.913374125957489,0.3336711237535757,0.17356835901737214,,,
07b9f93f170a0381836bdf301280a5b80b2c4be6e66f793a3c335dc200fb4e5b,hevc@0.3,74.7834992053462,29.392745784394066,0.9449460506439209,0.2199484935578178,0.1279898373519673,,,
07b9f93f170a0381836bdf301280a5b80b2c4be6e66f793a3c335dc200fb4e5b,sdvae,241.0503698012408,24.309725587866357,0.9262685775756836,0.07650171638849904,0.05746387225740096,,,
0d154749c7771f58e89ad343653ec4e20d6f037da829f47f5598e5d0a4ab61f0,dcae,153.67431305530025,26.264790804250026,0.8670676946640015,0.11913773695773938,0.08845304776640499,,,
0d154749c7771f58e89ad343653ec4e20d6f037da829f47f5598e5d0a4ab61f0,hevc@0.075,112.89674921970742,27.603989239586074,0.8682535886764526,0.5536642601384836,0.2813608574516633,,,
0d154749c7771f58e89ad343653ec4e20d6f037da829f47f5598e5d0a4ab61f0,hevc@0.15,82.59375275256588,28.961331615825635,0.9112350940704346,0.4718250184374697,0.23081036893760457,,,
0d154749c7771f58e89ad343653ec4e20d6f037da829f47f5598e5d0a4ab61f0,hevc@0.3,56.38648753446691,30.619053188050035,0.9438786506652832,0.38460961028056984,0.1732063154963886,,,
0d154749c7771f58e89ad343653ec4e20d6f037da829f47f5598e5d0a4ab61f0,sdvae,135.3223897298177,26.81710702247762,0.9111664295196533,0.10917230145457912,0.08492449259056764,,,
1b4ad095795ac552b38a21d51be7bfaee8e7d0a70619d84767814321df4ed062,dcae,150.5807880602385,26.353107951895932,0.8874663710594177,0.09089325074302523,0.05134524091293937,,,
1b4ad095795ac552b38a21d51be7bfaee8e7d0a70619d84767814321df4ed062,hevc@0.075,89.35809821413274,28.61946443641926,0.8867260813713074,0.41039109465323,0.21952727515446513,,,
1b4ad095795ac552b38a21d51be7bfaee8e7d0a70619d84767814321df4ed062,hevc@0.15,60.155802408854164,30.338028367130704,0.9251015186309814,0.30537475998464386,0.16411137502444417,,,
1b4ad095795ac552b38a21d51be7bfaee8e7d0a70619d84767814321df4ed062,hevc@0.3,38.50919623123972,32.27515906799327,0.9515008926391602,0.20899358744684018,0.1286911501696235,,,
1b4ad095795ac552b38a21d51be7bfaee8e7d0a70619d84767814321df4ed062,sdvae,111.25858494273403,27.66746828860713,0.9249104261398315,0.09117683474170535,0.05474517376799332,,,
1cba10ad9bb4ced57e42f7656c5f2a58d32dc6bad084957d2f8d1c78e0fcd224,dcae,26.664021118559113,33.871547162434126,0.9622560739517212,0.04421827101456092,0.048756955896766443,,,
1cba10ad9bb4ced57e42f7656c5f2a58d32dc6bad084957d2f8d1c78e0fcd224,hevc@0.075,13.82796322720722,36.72322144918154,0.9664754271507263,0.2016108707226451,0.15289970812866988,,,
1cba10ad9bb4ced57e42f7656c5f2a58d32dc6bad084957d2f8d1c78e0fcd224,hevc@0.15,9.650486918329035,38.28531134507687,0.9754500389099121,0.15152560108458824,0.11470766423396694,,,
1cba10ad9bb4ced57e42f7656c5f2a58d32dc6bad084957d2f8d1c78e0fcd224,hevc@0.3,7.112010276819124,39.61087985351955,0.9811701774597168,0.10496296814995483,0.08284853586872805,,,
1cba10ad9bb4ced57e42f7656c5f2a58d32dc6bad084957d2f8d1c78e0fcd224,sdvae,28.551502412962684,33.57451394608581,0.9683727622032166,0.043902423458842973,0.046315660175767916,,,
2397c73f8feeb8f630fe055da5551c671794afae80528e8612dc62fc0cf61294,dcae,256.5517557779948,24.039053696602323,0.9265939593315125,0.07133606786237043,0.062417283303597394,21.01708248603255,1.0,22
2397c73f8feeb8f630fe055da5551c671794afae80528e8612dc62fc0cf61294,hevc@0.075,153.49734592811734,26.269794902321525,0.9255182147026062,0.305607091328677,0.20093300921075485,23.209067499735546,0.6818181818181818,22
2397c73f8feeb8f630fe055da5551c671794afae80528e8612dc62fc0cf61294,hevc@0.15,93.46248360428156,28.424430433995663,0.951115071773529,0.21457417105488918,0.15355751041103813,26.05231842748247,0.45454545454545453,22
2397c73f8feeb8f630fe055da5551c671794afae80528e8612dc62fc0cf61294,hevc@0.3,42.72084003523284,31.82440577074953,0.974378764629364,0.12996427972307978,0.09696941480917089,29.953374162811947,0.3181818181818182,22
2397c73f8feeb8f630fe055da5551c671794afae80528e8612dc62fc0cf61294,sdvae,194.40908286898744,25.24363809394259,0.9558057188987732,0.06581980930093456,0.05187170452931348,25.201160478421627,0.36363636363636365,22
2684452db505ddbbb53f42a3f3bcfe86fdd0d6d8d98c029db4b4c6fc1f55b750,dcae,179.55249980851715,25.588889049258,0.9194971323013306,0.07717587243327323,0.05604259739903843,18.440326529607095,0.30368098159509205,326
2684452db505ddbbb53f42a3f3bcfe86fdd0d6d8d98c029db4b4c6fc1f55b750,hevc@0.075,128.79425934436276,27.031838549142048,0.8906165361404419,0.37346837599487864,0.22320152223110198,22.808424826038664,0.0736196319018405,326
2684452db505ddbbb53f42a3f3bcfe86fdd0d6d8d98c029db4b4c6fc1f55b750,hevc@0.15,66.87312155330882,29.878287648739928,0.934343695640564,0.24454634776886772,0.16167284933959736,26.821295881187034,0.027607361963190184,326
2684452db505ddbbb53f42a3f3bcfe86fdd0d6d8d98c029db4b4c6fc1f55b750,hevc@0.3,38.13987749885111,32.31701067062445,0.9585839509963989,0.15847339551238454,0.11129697929410373,29.743810056799727,0.05521472392638037,326
2684452db505ddbbb53f42a3f3bcfe86fdd0d6d8d98c029db4b4c6fc1f55b750,sdvae,108.94530388327206,27.758718462630313,0.950560450553894,0.06321712781620377,0.0515888396431418,23.503888633816594,0.03987730061349693,326
2a760bf1ccea6998be3890dcc2371b23f35fe3006562884b45bc534a621d5c12,dcae,21.31244755887437,34.844470331492616,0.9950921535491943,0.010152788214578197,0.021791885639059132,17.63219985086081,0.2923076923076923,65
2a760bf1ccea6998be3890dcc2371b23f35fe3006562884b45bc534a621d5c12,hevc@0.075,3.731792932269217,42.41162823024895,0.9902376532554626,0.0446134592759712,0.04612092416861962,33.536466910899335,0.0,65
2a760bf1ccea6998be3890dcc2371b23f35fe3006562884b45bc534a621d5c12,hevc@0.15,1.4257561694616558,46.59035101349076,0.9946005344390869,0.009937639376309154,0.027050756174942542,38.91947860394799,0.0,65
2a760bf1ccea6998be3890dcc2371b23f35fe3006562884b45bc534a621d5c12,hevc@0.3,0.7265396995105963,49.51821010909259,0.9966778755187988,0.005978129858327708,0.025361274336946422,43.86300365592997,0.0,65
2a760bf1ccea6998be3890dcc2371b23f35fe3006562884b45bc534a621d5c12,sdvae,15.875938327833154,36.12340957703443,0.996195912361145,0.010700843549847346,0.019937482373467808,21.150483255847362,0.06153846153846154,65
4ebc0e6c463bcf8ada38673c268aae56d44864347fd74b81a9fb5659bf96a010,dcae,105.1858294318704,27.911231249862208,0.9133181571960449,0.09132693059304181,0.06181063862407909,,,
4ebc0e6c463bcf8ada38673c268aae56d44864347fd74b81a9fb5659bf96a010,hevc@0.075,56.06339721679687,30.644009501442074,0.937593936920166,0.40900134023498086,0.18094912627164056,,,
4ebc0e6c463bcf8ada38673c268aae56d44864347fd74b81a9fb5659bf96a010,hevc@0.15,38.00771113376992,32.33208644169413,0.959007203578949,0.358787724200417,0.1384682239855037,,,
4ebc0e6c463bcf8ada38673c268aae56d44864347fd74b81a9fb5659bf96a010,hevc@0.3,27.89111447801777,33.67614492640473,0.970280110836029,0.30021557737799254,0.10668924258035772,,,
4ebc0e6c463bcf8ada38673c268aae56d44864347fd74b81a9fb5659bf96a010,sdvae,87.15604702818628,28.727828363195872,0.9441749453544617,0.0858230140279321,0.05944159241283641,,,
50d13125b665e0c4c1673264807bfc3cc7a217819329696843fea4c69aff8b91,dcae,52.9403091729856,30.892938876024388,0.9813112020492554,0.015599316216693136,0.03151627954314737,,,
50d13125b665e0c4c1673264807bfc3cc7a217819329696843fea4c69aff8b91,hevc@0.075,11.092153990502451,37.68064470683213,0.9813744425773621,0.03307454952805796,0.08370250393362606,,,
50d13125b665e0c4c1673264807bfc3cc7a217819329696843fea4c69aff8b91,hevc@0.15,3.064144239238664,43.267711557718954,0.9947167634963989,0.011791366777084904,0.03526899499051711,,,
50d13125b665e0c4c1673264807bfc3cc7a217819329696843fea4c69aff8b91,hevc@0.3,0.9319692574295343,48.436787742101934,0.9973920583724976,0.00347164016275201,0.014153541536892161,,,
50d13125b665e0c4c1673264807bfc3cc7a217819329696843fea4c69aff8b91,sdvae,46.76720305798101,31.431389634376437,0.9810764193534851,0.01601820883070639,0.03707802137907813,,,
50fe4c3d47d864858e1aaa60fecef5c453b4e18d2b368718eeb5c1e249e0c902,dcae,424.99457176428274,21.84696977800831,0.9028640985488892,0.114266608071364,0.06394309338964062,22.10653191528852,1.6,5
50fe4c3d47d864858e1aaa60fecef5c453b4e18d2b368718eeb5c1e249e0c902,hevc@0.075,395.5033259136687,22.159302208979817,0.8782102465629578,0.4554549225686509,0.2149696072310577,22.412699027819478,1.0,5
50fe4c3d47d864858e1aaa60fecef5c453b4e18d2b368718eeb5c1e249e0c902,hevc@0.15,281.94566100320696,23.629149454578638,0.9153050184249878,0.3667391112741129,0.17473656490997033,23.053194780228754,1.0,5
50fe4c3d47d864858e1aaa60fecef5c453b4e18d2b368718eeb5c1e249e0c902,hevc@0.3,162.247756141694,26.029016615712752,0.9516168832778931,0.23417988143585347,0.12138363663797025,25.997922496581694,1.0,5
50fe4c3d47d864858e1aaa60fecef5c453b4e18d2b368718eeb5c1e249e0c902,sdvae,246.22507567857028,24.217480812641593,0.9477392435073853,0.081988400630193,0.055607262400933256,24.345576439116417,1.0,5
581048154e3c4b579c79155742dcf643c18b9bb47782aca7f0768eff185bc32e,dcae,377.3416566953554,22.363456090082984,0.8330593109130859,0.15421126963018061,0.08510714736613599,23.023177377275815,0.5405405405405406,37
581048154e3c4b579c79155742dcf643c18b9bb47782aca7f0768eff185bc32e,hevc@0.075,257.19006705371453,24.02826169193727,0.8400784730911255,0.5734429688571574,0.25613965257838534,24.25555395845599,1.0,37
581048154e3c4b579c79155742dcf643c18b9bb47782aca7f0768eff185bc32e,hevc@0.15,176.92211433382698,25.652982400390584,0.895469605922699,0.4573310715156597,0.2048825809916297,26.26059209259536,1.0,37
581048154e3c4b579c79155742dcf643c18b9bb47782aca7f0768eff185bc32e,hevc@0.3,116.02522082206531,27.485279572160742,0.9331275820732117,0.3370472681555119,0.15789066975588326,28.25970535037309,0.24324324324324326,37
581048154e3c4b579c79155742dcf643c18b9bb47782aca7f0768eff185bc32e,sdvae,222.39649410038203,24.659524242027615,0.9042870998382568,0.1254591450177051,0.07323734200262762,26.494889997836456,0.4594594594594595,37
608cb09e6ffc66d4bc838d4088bf4c0ab889d7e83d4f5d78805cbc4497e432a1,dcae,310.31574403850084,23.212765505573913,0.872182309627533,0.11424033645102206,0.0715808473965701,28.96620585674967,0.25,20
608cb09e6ffc66d4bc838d4088bf4c0ab889d7e83d4f5d78805cbc4497e432a1,hevc@0.075,335.1509384454465,22.878399210823442,0.8060303926467896,0.5139034619810534,0.23510250916668013,25.767386104621274,1.0,20
608cb09e6ffc66d4bc838d4088bf4c0ab889d7e83d4f5d78805cbc4497e432a1,hevc@0.15,211.86896021225874,24.870130256576278,0.8774309158325195,0.3789421321422446,0.17631060527820214,27.88336944665427,0.5,20
608cb09e6ffc66d4bc838d4088bf4c0ab889d7e83d4f5d78805cbc4497e432a1,hevc@0.3,116.3437796200023,27.473371924022306,0.9297798871994019,0.2579232511274955,0.12626310686270395,30.22889796285407,0.25,20
608cb09e6ffc66d4bc838d4088bf4c0ab889d7e83d4f5d78805cbc4497e432a1,sdvae,183.7261376474418,25.48909415620544,0.9298352003097534,0.08362169675163779,0.059687424816337285,31.119322149051612,0.05,20
79b1bb29124f590c2e99e6c71c18affe25115d594a821cadc58bf24bf94dae8d,dcae,504.4645216623942,21.10249732590423,0.9034819006919861,0.07246524635702371,0.057936733961105345,,,
79b1bb29124f590c2e99e6c71c18affe25115d594a821cadc58bf24bf94dae8d,hevc@0.075,413.9206471761068,21.961632704637637,0.8637059926986694,0.3232329860329628,0.2166283905506134,,,
79b1bb29124f590c2e99e6c71c18affe25115d594a821cadc58bf24bf94dae8d,hevc@0.15,292.6805637359619,23.46686478005319,0.8926824927330017,0.24317796528339386,0.1791434407234192,,,
79b1bb29124f590c2e99e6c71c18affe25115d594a821cadc58bf24bf94dae8d,hevc@0.3,138.31733690897624,26.72203742204635,0.9369441270828247,0.14221179038286208,0.1204897403717041,,,
79b1bb29124f590c2e99e6c71c18affe25115d594a821cadc58bf24bf94dae8d,sdvae,315.38722330729166,23.142362652787476,0.9383244514465332,0.05783532913774252,0.04972701668739319,,,
8426ed2245c791232862b0a0b2a62a1f17031e8e6e38921fe939df0b3a05ac41,dcae,13.446523189544678,36.84470355696061,0.9689456820487976,0.043336950009688735,0.0434376485645771,,,
8426ed2245c791232862b0a0b2a62a1f17031e8e6e38921fe939df0b3a05ac41,hevc@0.075,6.174836317698161,40.22454911043518,0.978992223739624,0.2234832812100649,0.13073570281267166,,,
8426ed2245c791232862b0a0b2a62a1f17031e8e6e38921fe939df0b3a05ac41,hevc@0.15,4.548304080963135,41.552308687331,0.9831223487854004,0.17713681887835264,0.0990811362862587,,,
8426ed2245c791232862b0a0b2a62a1f17031e8e6e38921fe939df0b3a05ac41,hevc@0.3,3.562552531560262,42.61319083921927,0.9868850708007812,0.12229528836905956,0.06782403215765953,,,
8426ed2245c791232862b0a0b2a62a1f17031e8e6e38921fe939df0b3a05ac41,sdvae,67.89871144294739,29.812188283919387,0.9722111225128174,0.06639281217940152,0.06663347780704498,,,
86127fbdb368eb28c3039cf61aff1c4cfdc4ade24070c8f2389968d5ead681e1,dcae,427.5993734057484,21.82043300735813,0.8643600344657898,0.11050102362012276,0.0732677488541994,14.226391038977606,0.8858695652173914,184
86127fbdb368eb28c3039cf61aff1c4cfdc4ade24070c8f2389968d5ead681e1,hevc@0.075,367.8114458928343,22.474551209828356,0.8265305757522583,0.42960504430239316,0.2695427786131374,17.93006692532518,0.8695652173913043,184
86127fbdb368eb28c3039cf61aff1c4cfdc4ade24070c8f2389968d5ead681e1,hevc@0.15,234.40470060754996,24.43114044360375,0.899583101272583,0.28777209986917307,0.21930597820242897,21.129029809823972,0.4891304347826087,184
86127fbdb368eb28c3039cf61aff1c4cfdc4ade24070c8f2389968d5ead681e1,hevc@0.3,144.45769329800632,26.533396851072087,0.9417272806167603,0.20175322639893312,0.1723794582925859,24.442516833659568,0.29891304347826086,184
86127fbdb368eb28c3039cf61aff1c4cfdc4ade24070c8f2389968d5ead681e1,sdvae,245.14523815717854,24.236568991908584,0.9271780252456665,0.07778732087768492,0.06313064352410738,16.394458662889644,0.7771739130434783,184
937476dd72f98638f34299dda5e9c252621b5e809c364692fc2934e000583286,dcae,1729.2947959899902,15.752113263224349,0.5497333407402039,0.15712757781147957,0.13193156818548837,,,
937476dd72f98638f34299dda5e9c252621b5e809c364692fc2934e000583286,hevc@0.075,802.9802875518799,19.08375476999597,0.7453893423080444,0.28304558123151463,0.10244183242321014,,,
937476dd72f98638f34299dda5e9c252621b5e809c364692fc2934e000583286,hevc@0.15,802.9802875518799,19.08375476999597,0.7453893423080444,0.28304558123151463,0.10244183242321014,,,
937476dd72f98638f34299dda5e9c252621b5e809c364692fc2934e000583286,hevc@0.3,596.625298500061,20.37378696209894,0.8389856219291687,0.1850092721482118,0.056553661823272705,,,
937476dd72f98638f34299dda5e9c252621b5e809c364692fc2934e000583286,sdvae,1314.7774053149753,16.942281288225942,0.7192360758781433,0.18860544140140215,0.13629531860351562,,,
a2a946cc516f9eec0f141da3c31a96df94fe342c651af46f0d38f6c04400323a,dcae,177.9173688103171,25.62862013625624,0.9428499937057495,0.0653560624759206,0.050494817775838516,,,
a2a946cc516f9eec0f141da3c31a96df94fe342c651af46f0d38f6c04400323a,hevc@0.075,151.12826334635417,26.33734669080058,0.8946592211723328,0.29471172782428123,0.2030916296383914,,,
a2a946cc516f9eec0f141da3c31a96df94fe342c651af46f0d38f6c04400323a,hevc@0.15,74.23080145143994,29.424962113207638,0.9438594579696655,0.18191169307512395,0.1363065323408912,,,
a2a946cc516f9eec0f141da3c31a96df94fe342c651af46f0d38f6c04400323a,hevc@0.3,33.81997118183211,32.83907127670546,0.9719161987304688,0.09760420517448117,0.08782123993424808,,,
a2a946cc516f9eec0f141da3c31a96df94fe342c651af46f0d38f6c04400323a,sdvae,116.14038732192095,27.480970908195417,0.9670120477676392,0.05578884516897447,0.04347049769233255,,,
a365e6541bab5c0f4e01bf43a0c3a655d88292a8ac45403a889c308d11854555,dcae,726.9701040230545,19.515638096028,0.8408457636833191,0.10519539900124072,0.06281323818599477,15.224909273345183,0.8571428571428571,7
a365e6541bab5c0f4e01bf43a0c3a655d88292a8ac45403a889c308d11854555,hevc@0.075,463.6409232345282,21.46898598911642,0.8160501718521118,0.520305190542165,0.2512460428125718,18.43716631835766,1.0,7
a365e6541bab5c0f4e01bf43a0c3a655d88292a8ac45403a889c308d11854555,hevc@0.15,319.41999380074293,23.087182639509475,0.867133617401123,0.40346288663499497,0.2079469829797745,20.861476114972763,1.0,7
a365e6541bab5c0f4e01bf43a0c3a655d88292a8ac45403a889c308d11854555,hevc@0.3,197.86922607421874,25.167021057489404,0.9143988490104675,0.27820687968941293,0.1596901865566478,24.162108189459612,0.42857142857142855,7
a365e6541bab5c0f4e01bf43a0c3a655d88292a8ac45403a889c308d11854555,sdvae,446.912353515625,21.62858001308207,0.8964358568191528,0.10588642457390533,0.05430405613254098,17.773289958629217,1.0,7
b0b3744cc6b5ad6426b1ac02909b4389ea7fc4140d72a888ccdfb21f573a6db4,dcae,927.598449826708,18.457203466806035,0.8167822360992432,0.12594496160745622,0.06342853430439443,,,
b0b3744cc6b5ad6426b1ac02909b4389ea7fc4140d72a888ccdfb21f573a6db4,hevc@0.075,518.8652709960937,20.98025757660951,0.8295568823814392,0.4500969210091759,0.22202905241180868,,,
b0b3744cc6b5ad6426b1ac02909b4389ea7fc4140d72a888ccdfb21f573a6db4,hevc@0.15,378.9853790881587,22.344579052634682,0.8779803514480591,0.3424017097143566,0.1782359070637647,,,
b0b3744cc6b5ad6426b1ac02909b4389ea7fc4140d72a888ccdfb21f573a6db4,hevc@0.3,238.625291891659,24.35363888227384,0.9226419925689697,0.22614755937281777,0.13232228598173926,,,
b0b3744cc6b5ad6426b1ac02909b4389ea7fc4140d72a888ccdfb21f573a6db4,sdvae,572.4581819422104,20.553365938997736,0.8873718976974487,0.11671727001667023,0.0654026588972877,,,
bb7344a2ba499b2d48b891abee1b903dc17d265437ac57028b5999b6cd5bcdc4,dcae,106.0793441136678,27.874495350324707,0.9689130783081055,0.04144375878968276,0.05144079774618149,18.843377436247994,0.37341772151898733,316
bb7344a2ba499b2d48b891abee1b903dc17d265437ac57028b5999b6cd5bcdc4,hevc@0.075,50.28030983606974,31.116824156471328,0.9626102447509766,0.12294332683086395,0.14509323984384537,26.119280021391003,0.0,316
bb7344a2ba499b2d48b891abee1b903dc17d265437ac57028b5999b6cd5bcdc4,hevc@0.15,17.916883150736492,35.59817899524454,0.9835728406906128,0.05870075454004109,0.08372001349925995,31.771273979678305,0.0,316
bb7344a2ba499b2d48b891abee1b903dc17d265437ac57028b5999b6cd5bcdc4,hevc@0.3,5.633703549702962,40.622863705638224,0.994238555431366,0.018998627940163715,0.030254431068897247,38.03560393579622,0.0,316
bb7344a2ba499b2d48b891abee1b903dc17d265437ac57028b5999b6cd5bcdc4,sdvae,59.31699562072754,30.399012147755986,0.98272705078125,0.03476508078165352,0.04168820381164551,23.55514764043729,0.05379746835443038,316
c9510efb03d1852c29ecad84cc0558768728681a3b9b04eae0dbbd9be142dd95,dcae,50.797100351371014,31.072414386891225,0.9711928367614746,0.03774716919561957,0.03210084859062644,29.838153530612214,0.07692307692307693,13
c9510efb03d1852c29ecad84cc0558768728681a3b9b04eae0dbbd9be142dd95,hevc@0.075,66.13057717715992,29.926780476942213,0.9424799680709839,0.2049592701389509,0.14159554348272435,27.07716446862385,0.15384615384615385,13
c9510efb03d1852c29ecad84cc0558768728681a3b9b04eae0dbbd9be142dd95,hevc@0.15,30.904563155828736,33.23057751764007,0.9685890078544617,0.12398496984558947,0.09983275778153364,30.60362563303553,0.07692307692307693,13
c9510efb03d1852c29ecad84cc0558768728681a3b9b04eae0dbbd9be142dd95,hevc@0.3,12.688608925015318,37.096663486475016,0.9848756790161133,0.0694222123197773,0.05669862996129429,35.03500301677063,0.0,13
c9510efb03d1852c29ecad84cc0558768728681a3b9b04eae0dbbd9be142dd95,sdvae,30.670154646331188,33.26364395062179,0.9836098551750183,0.025021338101257295,0.021985519282958086,32.18275904942909,0.15384615384615385,13
d0208a1e9b4fde642b9752da2907d82d5b530a6e2e6e18ef71d5524a92d1cf9a,dcae,811.3755938361672,19.03858420873637,0.7184548377990723,0.17993895069641225,0.07973674816243789,,,
d0208a1e9b4fde642b9752da2907d82d5b530a6e2e6e18ef71d5524a92d1cf9a,hevc@0.075,505.4063415527344,21.094396739684612,0.7466983795166016,0.7040090855430154,0.2670866252744899,,,
d0208a1e9b4fde642b9752da2907d82d5b530a6e2e6e18ef71d5524a92d1cf9a,hevc@0.15,415.3263562969133,21.94690868883687,0.8062986135482788,0.577393342817531,0.22156769948847155,,,
d0208a1e9b4fde642b9752da2907d82d5b530a6e2e6e18ef71d5524a92d1cf9a,hevc@0.3,282.117585664637,23.626502023301548,0.8752245306968689,0.38550406492808287,0.15823538233252132,,,
d0208a1e9b4fde642b9752da2907d82d5b530a6e2e6e18ef71d5524a92d1cf9a,sdvae,508.5710257735907,21.067287468785707,0.8292595744132996,0.15938079418504938,0.07109394161140217,,,
da52c4f66dc00c2f381e8475fbf8a7aa2c5433a9c59cc175646c62e02892faf7,dcae,609.3135651233149,20.282395139552854,0.8741471767425537,0.13878535779521745,0.09566845175097971,,,
da52c4f66dc00c2f381e8475fbf8a7aa2c5433a9c59cc175646c62e02892faf7,hevc@0.075,518.8058089910769,20.980755306982616,0.8790844678878784,0.4426822642193121,0.2681360015097786,,,
da52c4f66dc00c2f381e8475fbf8a7aa2c5433a9c59cc175646c62e02892faf7,hevc@0.15,477.51403820561427,21.34094217145808,0.8906301259994507,0.41118129930075475,0.25408244834226723,,,
da52c4f66dc00c2f381e8475fbf8a7aa2c5433a9c59cc175646c62e02892faf7,hevc@0.3,251.2836134966682,24.129161922117035,0.9440075755119324,0.21913008786299648,0.1758122963063857,,,
da52c4f66dc00c2f381e8475fbf8a7aa2c5433a9c59cc175646c62e02892faf7,sdvae,259.4955546061198,23.989504384775316,0.9490545988082886,0.0805186411475434,0.06589885073549608,,,
e0d8e29cadfc99663c7d1a4a5afe20c454ec54d0d873776ec397c59405c74790,dcae,111.43833761776195,27.660457359948758,0.9310829043388367,0.06946102459641064,0.05924989931723651,,,
e0d8e29cadfc99663c7d1a4a5afe20c454ec54d0d873776ec397c59405c74790,hevc@0.075,44.170061537798716,31.67952356549347,0.949981153011322,0.29487603017512487,0.19153563362710616,,,
e0d8e29cadfc99663c7d1a4a5afe20c454ec54d0d873776ec397c59405c74790,hevc@0.15,24.74302703259038,34.196275312525565,0.9674469828605652,0.21792381784933454,0.15717087475692523,,,
e0d8e29cadfc99663c7d1a4a5afe20c454ec54d0d873776ec397c59405c74790,hevc@0.3,10.019219491996017,38.12246470027497,0.982674241065979,0.12382570914924144,0.10171569200123058,,,
e0d8e29cadfc99663c7d1a4a5afe20c454ec54d0d873776ec397c59405c74790,sdvae,86.68740174536612,28.751243746953318,0.9529086947441101,0.06076773395214011,0.04874681357075186,,,
ebfd571f1c6824316047a29cb5f376eec15f56dd51821119c1842be068a8b950,dcae,444.17144560813904,21.65529725190849,0.969882607460022,0.0319889145102934,0.028614666312932968,16.028041882821114,0.7591127253859126,7709
ebfd571f1c6824316047a29cb5f376eec15f56dd51821119c1842be068a8b950,hevc@0.075,250.419775724411,24.14411738610426,0.9614473581314087,0.10171424754662439,0.11956185847520828,18.816264485911994,0.8020495524711376,7709
ebfd571f1c6824316047a29cb5f376eec15f56dd51821119c1842be068a8b950,hevc@0.15,106.33139737447102,27.86418839589059,0.9810430407524109,0.03768118575681001,0.060152359306812286,22.606476759421263,0.2652743546504086,7709
ebfd571f1c6824316047a29cb5f376eec15f56dd51821119c1842be068a8b950,hevc@0.3,25.997864802678425,33.98142679916059,0.994385838508606,0.00986919530259911,0.020858097821474075,28.75064520154507,0.05292515241925023,7709
ebfd571f1c6824316047a29cb5f376eec15f56dd51821119c1842be068a8b950,sdvae,171.26476629575095,25.794123346053645,0.9883286952972412,0.03148426266852766,0.03707167133688927,20.47016547378845,0.43183292255804906,7709
eda6d42794b0d0140628fa90fc0c14a7ba88159b8474d0077027c32ee2ddf6f0,dcae,361.11435475068936,22.55435608344979,0.8910955190658569,0.09569048167516787,0.06008594117912592,17.03220699006525,1.0,4
eda6d42794b0d0140628fa90fc0c14a7ba88159b8474d0077027c32ee2ddf6f0,hevc@0.075,306.0444271112579,23.272958852073966,0.8628029227256775,0.5072169130047163,0.21428476887590744,18.89371578770795,0.75,4
eda6d42794b0d0140628fa90fc0c14a7ba88159b8474d0077027c32ee2ddf6f0,hevc@0.15,183.76237577550552,25.48823763859856,0.9083792567253113,0.3928750803073247,0.1664316493506525,21.47846961130121,0.25,4
eda6d42794b0d0140628fa90fc0c14a7ba88159b8474d0077027c32ee2ddf6f0,hevc@0.3,104.07718573676215,27.95724820545733,0.9394115209579468,0.304692409421299,0.12273327801741805,24.66286488006657,0.25,4
eda6d42794b0d0140628fa90fc0c14a7ba88159b8474d0077027c32ee2ddf6f0,sdvae,239.96834479437933,24.329264049389757,0.9263044595718384,0.08201386819721437,0.05270033315116284,21.17790192740198,1.0,4
f67f11de4ca9ebda3db52c41fd3d26c3105687b2d37571e54631a1e4486d0b30,dcae,25.6253918417139,34.04409845891201,0.9536030292510986,0.03203080360453539,0.053074404305102775,,,
f67f11de4ca9ebda3db52c41fd3d26c3105687b2d37571e54631a1e4486d0b30,hevc@0.075,13.359165166717728,36.87301041561925,0.964157223701477,0.15560567550653337,0.10634327314647973,,,
f67f11de4ca9ebda3db52c41fd3d26c3105687b2d37571e54631a1e4486d0b30,hevc@0.15,10.007462644888685,38.12756383189843,0.9730653762817383,0.11741591425722137,0.0802647860026827,,,
f67f11de4ca9ebda3db52c41fd3d26c3105687b2d37571e54631a1e4486d0b30,hevc@0.3,7.673011630189185,39.28114504394904,0.979536771774292,0.07804581972167772,0.057733034970713595,,,
f67f11de4ca9ebda3db52c41fd3d26c3105687b2d37571e54631a1e4486d0b30,sdvae,47.38488260904948,31.37440551823619,0.9602102041244507,0.039923731961251034,0.050922500736573166,,,
ff32adfa29d4b5de26293352f53cc983d12d3ededd71fe65ca0ef0d887be65c4,dcae,72.17369277056525,29.547014343029794,0.9593043327331543,0.04298925151336281,0.03609975751708536,23.088249224129328,0.8,5
ff32adfa29d4b5de26293352f53cc983d12d3ededd71fe65ca0ef0d887be65c4,hevc@0.075,113.74107163373162,27.571630451421623,0.9127680659294128,0.24371075542534099,0.154991774874575,23.682756803386727,1.0,5
ff32adfa29d4b5de26293352f53cc983d12d3ededd71fe65ca0ef0d887be65c4,hevc@0.15,54.69316274605546,30.751473227841075,0.9534489512443542,0.13715450321050252,0.09487526223940008,27.444592181021132,0.4,5
ff32adfa29d4b5de26293352f53cc983d12d3ededd71fe65ca0ef0d887be65c4,hevc@0.3,22.395096842447916,34.62927416076496,0.9798183441162109,0.06163255700512844,0.04825780584531672,31.112609367030252,0.6,5
ff32adfa29d4b5de26293352f53cc983d12d3ededd71fe65ca0ef0d887be65c4,sdvae,51.92518980736826,30.977022681375765,0.9756850004196167,0.0331664575072115,0.028075336182818694,24.001288466086915,0.6,5
