cand,key,name,psnr,msssim,lpips_alex,lpips_vgg,dists,clipiqa,mse
codlite,0_0156,02809272b4ca9b08af45771501b741296187c7e26907efb44abbbfcb6cd804f7,16.684999664187625,0.6113390326499939,0.2712000450667213,0.4332402202136376,0.1678765710662393,0.9023643136024475,1395.0198729271983
codlite,0_0156,0369d229ba4c9965d5caeb38c359a027a810968eee930b81520b604e76b4df14,26.673371460032897,0.8933843374252319,0.10023178687209593,0.2772021744181128,0.12190298999057096,0.7386462092399597,139.87600337009803
codlite,0_0156,07b9f93f170a0381836bdf301280a5b80b2c4be6e66f793a3c335dc200fb4e5b,20.855637713321368,0.8002437949180603,0.14875703936114032,0.28784444787923025,0.12278979315477259,0.8170410394668579,533.969670194738
codlite,0_0156,0d154749c7771f58e89ad343653ec4e20d6f037da829f47f5598e5d0a4ab61f0,23.45826543168913,0.65810227394104,0.2476633357212824,0.43757021891720155,0.18834814148790696,0.5720988512039185,293.2606667911305
codlite,0_0156,1b4ad095795ac552b38a21d51be7bfaee8e7d0a70619d84767814321df4ed062,25.093085644912602,0.7821482419967651,0.1770529307817158,0.32803654905996826,0.12240711638801977,0.7556968331336975,201.2666399771707
codlite,0_0156,1cba10ad9bb4ced57e42f7656c5f2a58d32dc6bad084957d2f8d1c78e0fcd224,29.88670368674223,0.9262930154800415,0.11768721382233124,0.2898910225739757,0.1390483360556723,0.388837605714798,66.74365599795838
codlite,0_0156,2397c73f8feeb8f630fe055da5551c671794afae80528e8612dc62fc0cf61294,20.877002105223323,0.7961418032646179,0.16476298789767657,0.28206830682123407,0.14775765906361973,0.6555233597755432,531.3493459664139
codlite,0_0156,2684452db505ddbbb53f42a3f3bcfe86fdd0d6d8d98c029db4b4c6fc1f55b750,21.452009844242824,0.7746729850769043,0.1987676459200242,0.33760062158107756,0.15136577364276438,0.6336527466773987,465.4567968031939
codlite,0_0156,2a760bf1ccea6998be3890dcc2371b23f35fe3006562884b45bc534a621d5c12,26.693419227143824,0.9651791453361511,0.07188748475164175,0.14485121004540344,0.10968674205500505,0.8496612906455994,139.2318001231928
codlite,0_0156,4ebc0e6c463bcf8ada38673c268aae56d44864347fd74b81a9fb5659bf96a010,24.81357314853731,0.778668999671936,0.18676186155746966,0.34139538937631775,0.13410467365208795,0.5591515898704529,214.64612175436582
codlite,0_0156,50d13125b665e0c4c1673264807bfc3cc7a217819329696843fea4c69aff8b91,27.670947463150064,0.957211971282959,0.04460999076186186,0.14201402535169003,0.09972773089128383,0.8438889384269714,111.16949032054228
codlite,0_0156,50fe4c3d47d864858e1aaa60fecef5c453b4e18d2b368718eeb5c1e249e0c902,16.997745880147455,0.6424767971038818,0.2799107555621936,0.43261451531707507,0.17236719473644538,0.6121498346328735,1298.0928950054656
codlite,0_0156,581048154e3c4b579c79155742dcf643c18b9bb47782aca7f0768eff185bc32e,19.837506169768936,0.6272362470626831,0.2912227592461712,0.44916863698553255,0.1658562693622086,0.47864070534706116,675.0403665954814
codlite,0_0156,608cb09e6ffc66d4bc838d4088bf4c0ab889d7e83d4f5d78805cbc4497e432a1,18.900154815133888,0.6204396486282349,0.2877014040508691,0.45120563416504395,0.1835806641508551,0.3960893750190735,837.6544101690155
codlite,0_0156,79b1bb29124f590c2e99e6c71c18affe25115d594a821cadc58bf24bf94dae8d,17.725363342409132,0.747887372970581,0.19306462556123732,0.33672057241201403,0.14641960263252257,0.6615657210350037,1097.852579498291
codlite,0_0156,8426ed2245c791232862b0a0b2a62a1f17031e8e6e38921fe939df0b3a05ac41,32.001724443198604,0.9333311319351196,0.0869565315078944,0.2613756963983178,0.11836304143071175,0.2857438027858734,41.01171366373698
codlite,0_0156,86127fbdb368eb28c3039cf61aff1c4cfdc4ade24070c8f2389968d5ead681e1,17.773040722173985,0.5636457204818726,0.24921461903169506,0.4436178048614596,0.18508095306451203,0.639282763004303,1085.8661342266478
codlite,0_0156,937476dd72f98638f34299dda5e9c252621b5e809c364692fc2934e000583286,14.399397700866777,0.20325332880020142,0.27946363389492035,0.36794119824965793,0.22371873756249747,0.39447519183158875,2361.242496172587
codlite,0_0156,a2a946cc516f9eec0f141da3c31a96df94fe342c651af46f0d38f6c04400323a,20.855490255255596,0.7706578969955444,0.2020103599109194,0.33792843884404966,0.1481274336576462,0.4584692120552063,533.9878006280637
codlite,0_0156,a365e6541bab5c0f4e01bf43a0c3a655d88292a8ac45403a889c308d11854555,17.507235013769368,0.654848575592041,0.24411218341659097,0.3829207407201038,0.156832353683079,0.6675010323524475,1154.401439113243
codlite,0_0156,b0b3744cc6b5ad6426b1ac02909b4389ea7fc4140d72a888ccdfb21f573a6db4,17.43597005397663,0.648324728012085,0.22375419104800504,0.3690470576286316,0.14490756655440612,0.9056902527809143,1173.500706691368
codlite,0_0156,bb7344a2ba499b2d48b891abee1b903dc17d265437ac57028b5999b6cd5bcdc4,22.86073117971449,0.8702987432479858,0.14738154341466725,0.20950602553784847,0.16920608282089233,0.5042986273765564,336.5171815554301
codlite,0_0156,c9510efb03d1852c29ecad84cc0558768728681a3b9b04eae0dbbd9be142dd95,22.26041153639087,0.8473724722862244,0.16396908534362037,0.31557381924460914,0.13308058398611405,0.6825129985809326,386.4018590590533
codlite,0_0156,d0208a1e9b4fde642b9752da2907d82d5b530a6e2e6e18ef71d5524a92d1cf9a,18.120050066708583,0.4916982054710388,0.2775043447228039,0.4229255776194965,0.14496218632249272,0.8478460311889648,1002.4791625976562
codlite,0_0156,da52c4f66dc00c2f381e8475fbf8a7aa2c5433a9c59cc175646c62e02892faf7,15.466251464161815,0.5513986945152283,0.325616917803007,0.49976229913094466,0.2034413209732841,0.72062748670578,1846.9503228879441
codlite,0_0156,e0d8e29cadfc99663c7d1a4a5afe20c454ec54d0d873776ec397c59405c74790,26.902532284327343,0.8782801628112793,0.12936879328506834,0.29149397480137207,0.12977313118822434,0.610373854637146,132.68662037568933
codlite,0_0156,ebfd571f1c6824316047a29cb5f376eec15f56dd51821119c1842be068a8b950,19.399350912142502,0.8854414820671082,0.0977478732529562,0.09047824773006141,0.10831347107887268,0.094950832426548,746.6984841028849
codlite,0_0156,eda6d42794b0d0140628fa90fc0c14a7ba88159b8474d0077027c32ee2ddf6f0,18.839745260304255,0.7209855318069458,0.23241644900511294,0.3863191012950504,0.15913726915331447,0.6399465799331665,849.3874402015038
codlite,0_0156,f67f11de4ca9ebda3db52c41fd3d26c3105687b2d37571e54631a1e4486d0b30,29.40636289872828,0.9193679690361023,0.08044907782117233,0.2250878381013286,0.11573568220232047,0.603034496307373,74.54938601824193
codlite,0_0156,ff32adfa29d4b5de26293352f53cc983d12d3ededd71fe65ca0ef0d887be65c4,21.37557843037839,0.7815362811088562,0.20186688380644602,0.3267737740102936,0.14181247248369105,0.8542802333831787,473.7208695953968
codlite,0_0312,02809272b4ca9b08af45771501b741296187c7e26907efb44abbbfcb6cd804f7,17.8148409501841,0.7234523296356201,0.2009464168373276,0.36901864321792827,0.12921367760966807,0.9001541137695312,1075.4649618709789
codlite,0_0312,0369d229ba4c9965d5caeb38c359a027a810968eee930b81520b604e76b4df14,28.53133645929557,0.9220110177993774,0.0652560831485864,0.22886103847447564,0.08696947886663324,0.7498006820678711,91.18989485198377
codlite,0_0312,07b9f93f170a0381836bdf301280a5b80b2c4be6e66f793a3c335dc200fb4e5b,21.573338147522406,0.8345348238945007,0.11061337007319226,0.2472706937614609,0.09554673433303833,0.8489960432052612,452.63334637810203
codlite,0_0312,0d154749c7771f58e89ad343653ec4e20d6f037da829f47f5598e5d0a4ab61f0,24.64644565588396,0.7483776807785034,0.18467528061831698,0.37485254494582904,0.15578940019888035,0.5027827620506287,223.06724075616575
codlite,0_0312,1b4ad095795ac552b38a21d51be7bfaee8e7d0a70619d84767814321df4ed062,25.706602947471925,0.8255137205123901,0.13243524475317253,0.28572286783080353,0.09674607295739024,0.7528335452079773,174.75115953411972
codlite,0_0312,1cba10ad9bb4ced57e42f7656c5f2a58d32dc6bad084957d2f8d1c78e0fcd224,31.41620095212557,0.9423786401748657,0.0821851344724882,0.24466371720711005,0.09925334936785467,0.37113553285598755,46.93104943334092
codlite,0_0312,2397c73f8feeb8f630fe055da5551c671794afae80528e8612dc62fc0cf61294,21.69585895332013,0.8469650149345398,0.12239400032250321,0.24306046011693339,0.11547361770096948,0.703118085861206,440.04234008789064
codlite,0_0312,2684452db505ddbbb53f42a3f3bcfe86fdd0d6d8d98c029db4b4c6fc1f55b750,22.400555400188686,0.8349906206130981,0.14391891259480924,0.284461588631658,0.10961265932111179,0.668555498123169,374.131970095167
codlite,0_0312,2a760bf1ccea6998be3890dcc2371b23f35fe3006562884b45bc534a621d5c12,28.276387935310268,0.980133056640625,0.03833423222511493,0.11960222340863326,0.0714831321403898,0.8707531690597534,96.70336072198276
codlite,0_0312,4ebc0e6c463bcf8ada38673c268aae56d44864347fd74b81a9fb5659bf96a010,25.752140024234652,0.8186718225479126,0.1452630905982326,0.28314865310402476,0.11483668649897856,0.6291232705116272,172.92841401941635
codlite,0_0312,50d13125b665e0c4c1673264807bfc3cc7a217819329696843fea4c69aff8b91,29.919469302449965,0.9674341678619385,0.030181537889053717,0.11238417668158517,0.06639955289223615,0.8667739629745483,66.24199912875306
codlite,0_0312,50fe4c3d47d864858e1aaa60fecef5c453b4e18d2b368718eeb5c1e249e0c902,18.759264280868397,0.7768699526786804,0.20787083329977812,0.3612606143693865,0.13564705425574455,0.6992931365966797,865.2745552219972
codlite,0_0312,581048154e3c4b579c79155742dcf643c18b9bb47782aca7f0768eff185bc32e,20.782899620400062,0.7053898572921753,0.22318098268338613,0.40081152639218737,0.13447525049303913,0.479277104139328,542.9882088126717
codlite,0_0312,608cb09e6ffc66d4bc838d4088bf4c0ab889d7e83d4f5d78805cbc4497e432a1,20.243708698205808,0.7290492057800293,0.21864760301861108,0.3784589067685838,0.15145712214357712,0.4852892756462097,614.7655052234924
codlite,0_0312,79b1bb29124f590c2e99e6c71c18affe25115d594a821cadc58bf24bf94dae8d,18.758756475927008,0.8161575198173523,0.13985247835516929,0.2863696053624153,0.11194233298301696,0.7122941017150879,865.3757345835368
codlite,0_0312,8426ed2245c791232862b0a0b2a62a1f17031e8e6e38921fe939df0b3a05ac41,32.749751467914514,0.9483373165130615,0.06687905872240663,0.23319944832473993,0.09072989970445633,0.31661516427993774,34.52273654937744
codlite,0_0312,86127fbdb368eb28c3039cf61aff1c4cfdc4ade24070c8f2389968d5ead681e1,19.167008513740843,0.6874436140060425,0.19285030430946193,0.38167258242114643,0.14600073949235384,0.6796876192092896,787.733852532392
codlite,0_0312,937476dd72f98638f34299dda5e9c252621b5e809c364692fc2934e000583286,14.371172909595254,0.21589875221252441,0.20875380809108415,0.30657726029555005,0.23479507863521576,0.37330713868141174,2376.63818136851
codlite,0_0312,a2a946cc516f9eec0f141da3c31a96df94fe342c651af46f0d38f6c04400323a,22.258595316572418,0.8475229144096375,0.14069806449115277,0.2751108245814548,0.11228041263187633,0.4013362526893616,386.56348613664215
codlite,0_0312,a365e6541bab5c0f4e01bf43a0c3a655d88292a8ac45403a889c308d11854555,18.354778313368417,0.7262582182884216,0.18087891975746434,0.3353252357419799,0.12534558159463546,0.7418700456619263,949.7351890414369
codlite,0_0312,b0b3744cc6b5ad6426b1ac02909b4389ea7fc4140d72a888ccdfb21f573a6db4,17.87914821400872,0.7077369093894958,0.17584731070434345,0.33004092688069625,0.11903303230510039,0.933498740196228,1059.657556511374
codlite,0_0312,bb7344a2ba499b2d48b891abee1b903dc17d265437ac57028b5999b6cd5bcdc4,23.77156312328914,0.9060182571411133,0.11207982711493969,0.18297221092507243,0.13716448843479156,0.5888792276382446,272.85005680720013
codlite,0_0312,c9510efb03d1852c29ecad84cc0558768728681a3b9b04eae0dbbd9be142dd95,24.716676509312325,0.9090557098388672,0.10644827456049183,0.24885002948782023,0.09269931141067954,0.7128966450691223,219.48897477692248
codlite,0_0312,d0208a1e9b4fde642b9752da2907d82d5b530a6e2e6e18ef71d5524a92d1cf9a,18.557859196462132,0.5729958415031433,0.2210528975023943,0.3809741288423538,0.11596710524138282,0.8685004711151123,906.3468740425858
codlite,0_0312,da52c4f66dc00c2f381e8475fbf8a7aa2c5433a9c59cc175646c62e02892faf7,16.97912630698682,0.6878439784049988,0.2505172358277966,0.42855775917277616,0.17138409737278434,0.7681499719619751,1303.6701755897673
codlite,0_0312,e0d8e29cadfc99663c7d1a4a5afe20c454ec54d0d873776ec397c59405c74790,27.375500164949532,0.89720618724823,0.09943494747447616,0.25772233561557883,0.10725092519732082,0.6441846489906311,118.99544689702053
codlite,0_0312,ebfd571f1c6824316047a29cb5f376eec15f56dd51821119c1842be068a8b950,19.609691222351152,0.9185439944267273,0.06115892800153233,0.07158013619482517,0.06068223714828491,0.15805324912071228,711.3957046667734
codlite,0_0312,eda6d42794b0d0140628fa90fc0c14a7ba88159b8474d0077027c32ee2ddf6f0,20.069720295878067,0.7967777252197266,0.1680071657048721,0.3253304533222142,0.12341423040511561,0.6552231311798096,639.8944321177364
codlite,0_0312,f67f11de4ca9ebda3db52c41fd3d26c3105687b2d37571e54631a1e4486d0b30,31.051108558918877,0.9354838132858276,0.05366296715367878,0.18406818292158492,0.08556113991082884,0.654080867767334,51.046915490642874
codlite,0_0312,ff32adfa29d4b5de26293352f53cc983d12d3ededd71fe65ca0ef0d887be65c4,23.858731147115417,0.8722909688949585,0.12960661066805615,0.25026105436332086,0.10362978437367608,0.885301947593689,267.4282276826746
codlite,0_1250,02809272b4ca9b08af45771501b741296187c7e26907efb44abbbfcb6cd804f7,21.58656572222039,0.9048960208892822,0.10722946859896183,0.23390657261890524,0.08717500812867109,0.9034054279327393,451.25683043236825
codlite,0_1250,0369d229ba4c9965d5caeb38c359a027a810968eee930b81520b604e76b4df14,30.771424836070572,0.9559167623519897,0.04079363804913181,0.15791277372661758,0.05574732615667231,0.7719162106513977,54.442477117800244
codlite,0_1250,07b9f93f170a0381836bdf301280a5b80b2c4be6e66f793a3c335dc200fb4e5b,23.824738445031354,0.9072496294975281,0.07194835133850574,0.1882425905588795,0.06611501416739296,0.8651852011680603,269.5296307732077
codlite,0_1250,0d154749c7771f58e89ad343653ec4e20d6f037da829f47f5598e5d0a4ab61f0,27.13928452925847,0.8894237875938416,0.11564926108454956,0.26639448386781356,0.0950420651365729,0.5941672921180725,125.64693759095435
codlite,0_1250,1b4ad095795ac552b38a21d51be7bfaee8e7d0a70619d84767814321df4ed062,27.42244570963653,0.9066524505615234,0.08689960876577779,0.20117333649020447,0.06263315050225508,0.7529744505882263,117.71607957806503
codlite,0_1250,1cba10ad9bb4ced57e42f7656c5f2a58d32dc6bad084957d2f8d1c78e0fcd224,33.56621533847891,0.9655039310455322,0.04834257125022631,0.17430811440481722,0.06148387086622923,0.3591977655887604,28.60611149562601
codlite,0_1250,2397c73f8feeb8f630fe055da5551c671794afae80528e8612dc62fc0cf61294,24.762875059528703,0.9354438781738281,0.07199300934067544,0.16392973133308045,0.07201020367005292,0.7657859921455383,217.16651144588695
codlite,0_1250,2684452db505ddbbb53f42a3f3bcfe86fdd0d6d8d98c029db4b4c6fc1f55b750,25.85786227398883,0.9276201128959656,0.08190430447678355,0.19070059551912197,0.0710668979322209,0.8967463970184326,168.76956595626532
codlite,0_1250,2a760bf1ccea6998be3890dcc2371b23f35fe3006562884b45bc534a621d5c12,30.980330527003307,0.9903883934020996,0.022658529289966,0.06786332240906255,0.04789731728619542,0.8802057504653931,51.88565554564027
codlite,0_1250,4ebc0e6c463bcf8ada38673c268aae56d44864347fd74b81a9fb5659bf96a010,28.591081545209356,0.9261512160301208,0.09113439423415591,0.20393374439548043,0.07080813050270081,0.5781192779541016,89.94400179993873
codlite,0_1250,50d13125b665e0c4c1673264807bfc3cc7a217819329696843fea4c69aff8b91,30.560774461190086,0.9785306453704834,0.024113275999415613,0.1043129875064444,0.0483668855007957,0.8731132745742798,57.148247213924634
codlite,0_1250,50fe4c3d47d864858e1aaa60fecef5c453b4e18d2b368718eeb5c1e249e0c902,22.26444152771103,0.9137200713157654,0.1112008265875004,0.22685719741347396,0.07910879213868836,0.8233093619346619,386.043467706123
codlite,0_1250,581048154e3c4b579c79155742dcf643c18b9bb47782aca7f0768eff185bc32e,23.393637683592665,0.8677071928977966,0.1432573498318811,0.2914358772910558,0.08856322247903425,0.38969531655311584,297.65733734242644
codlite,0_1250,608cb09e6ffc66d4bc838d4088bf4c0ab889d7e83d4f5d78805cbc4497e432a1,23.516013396816007,0.8880290389060974,0.1154469789973661,0.23713759888036579,0.09018346754943624,0.39045199751853943,289.3870023839614
codlite,0_1250,79b1bb29124f590c2e99e6c71c18affe25115d594a821cadc58bf24bf94dae8d,21.343911630277617,0.9082974791526794,0.07921237722039223,0.19530248194932937,0.07229713797569275,0.7447398900985718,477.18765284220376
codlite,0_1250,8426ed2245c791232862b0a0b2a62a1f17031e8e6e38921fe939df0b3a05ac41,35.80845096515398,0.9723665118217468,0.045240725041367114,0.17736165970563889,0.04894918575882912,0.2715034484863281,17.07006851832072
codlite,0_1250,86127fbdb368eb28c3039cf61aff1c4cfdc4ade24070c8f2389968d5ead681e1,22.40731248298532,0.8820929527282715,0.10452428933416234,0.2403633571306213,0.08898975077222605,0.7967127561569214,373.55031981754826
codlite,0_1250,937476dd72f98638f34299dda5e9c252621b5e809c364692fc2934e000583286,14.908248248580659,0.5136898756027222,0.16663780684272447,0.2760448766251405,0.17129647235075632,0.3394297957420349,2100.175249417623
codlite,0_1250,a2a946cc516f9eec0f141da3c31a96df94fe342c651af46f0d38f6c04400323a,25.7205919893039,0.9434689879417419,0.07361999473479741,0.17065193749525967,0.06328403195914101,0.44802790880203247,174.18917487649355
codlite,0_1250,a365e6541bab5c0f4e01bf43a0c3a655d88292a8ac45403a889c308d11854555,20.36781429174433,0.8537327647209167,0.11170943975448608,0.232952230336035,0.08302069008350373,0.7967913150787354,597.4463767855775
codlite,0_1250,b0b3744cc6b5ad6426b1ac02909b4389ea7fc4140d72a888ccdfb21f573a6db4,19.764770495770478,0.8510841131210327,0.12270658327376141,0.2407872604973176,0.07797853894093458,0.9482653141021729,686.4411516974955
codlite,0_1250,bb7344a2ba499b2d48b891abee1b903dc17d265437ac57028b5999b6cd5bcdc4,25.097436068539572,0.9610882997512817,0.07271000929176807,0.13188796769827604,0.09957588464021683,0.5490888357162476,201.06512769063315
codlite,0_1250,c9510efb03d1852c29ecad84cc0558768728681a3b9b04eae0dbbd9be142dd95,29.643699707502705,0.968614935874939,0.04806803181657896,0.14830770694157658,0.0472447709125631,0.7372429966926575,70.58467024260877
codlite,0_1250,d0208a1e9b4fde642b9752da2907d82d5b530a6e2e6e18ef71d5524a92d1cf9a,20.429901108819056,0.7786428332328796,0.15538962974267848,0.28938318192958834,0.0810829057412989,0.8205230832099915,588.9660346536075
codlite,0_1250,da52c4f66dc00c2f381e8475fbf8a7aa2c5433a9c59cc175646c62e02892faf7,21.077588464614784,0.8996798992156982,0.12811867211233166,0.2506604239344597,0.10461966675870558,0.7464795708656311,507.3661797018612
codlite,0_1250,e0d8e29cadfc99663c7d1a4a5afe20c454ec54d0d873776ec397c59405c74790,28.77576934695551,0.9403904676437378,0.07066280824296614,0.1897333743160262,0.06911767335499035,0.5819953083992004,86.19923789828431
codlite,0_1250,ebfd571f1c6824316047a29cb5f376eec15f56dd51821119c1842be068a8b950,20.877874783275196,0.950922966003418,0.04749054048443213,0.05628311121836305,0.048288244754076004,0.1607341468334198,531.2425865332285
codlite,0_1250,eda6d42794b0d0140628fa90fc0c14a7ba88159b8474d0077027c32ee2ddf6f0,22.941958107751766,0.8993772864341736,0.0985636653232516,0.22699667520675004,0.07974481085936229,0.6912109851837158,330.28172950495303
codlite,0_1250,f67f11de4ca9ebda3db52c41fd3d26c3105687b2d37571e54631a1e4486d0b30,32.84999217399117,0.9562844038009644,0.03712701612818694,0.1416684820079336,0.055259087214282916,0.6230266094207764,33.73503332200393
codlite,0_1250,ff32adfa29d4b5de26293352f53cc983d12d3ededd71fe65ca0ef0d887be65c4,28.050592096470673,0.9523015022277832,0.057331687420168344,0.1341938972911414,0.05252347080146565,0.9024472236633301,101.86409971947764
codlite,0_5000,02809272b4ca9b08af45771501b741296187c7e26907efb44abbbfcb6cd804f7,27.73580891524764,0.9799410700798035,0.04105307680061635,0.10577503416468115,0.03785334001569187,0.9093181490898132,109.52152171415442
codlite,0_5000,0369d229ba4c9965d5caeb38c359a027a810968eee930b81520b604e76b4df14,33.912403448135905,0.9804592132568359,0.019499990416635922,0.09580899457282879,0.027161266172633453,0.72409987449646,26.414355349073222
codlite,0_5000,07b9f93f170a0381836bdf301280a5b80b2c4be6e66f793a3c335dc200fb4e5b,27.75915025985207,0.9660553336143494,0.03922289020436651,0.11835795369218377,0.03819621117676006,0.8415398597717285,108.93447253657322
codlite,0_5000,0d154749c7771f58e89ad343653ec4e20d6f037da829f47f5598e5d0a4ab61f0,30.35464396877016,0.9619860649108887,0.06658236730624648,0.17112716817680526,0.05645730214960435,0.56669682264328,59.92609300800398
codlite,0_5000,1b4ad095795ac552b38a21d51be7bfaee8e7d0a70619d84767814321df4ed062,30.87375980274868,0.9708800315856934,0.04796972537511274,0.11247869169241503,0.03559417787351107,0.7666720151901245,53.17461823580558
codlite,0_5000,1cba10ad9bb4ced57e42f7656c5f2a58d32dc6bad084957d2f8d1c78e0fcd224,37.03333116491853,0.9840811491012573,0.025697975473713528,0.10331965146532048,0.03315912389639512,0.29632705450057983,12.875000197524777
codlite,0_5000,2397c73f8feeb8f630fe055da5551c671794afae80528e8612dc62fc0cf61294,30.20574447936263,0.9835583567619324,0.030182805295814488,0.08184676894589382,0.031738022320410786,0.7942084074020386,62.016308713426774
codlite,0_5000,2684452db505ddbbb53f42a3f3bcfe86fdd0d6d8d98c029db4b4c6fc1f55b750,31.300380316725807,0.9788780212402344,0.03621943484553519,0.0970052721855395,0.0341845444020103,0.920173168182373,48.19947737151501
codlite,0_5000,2a760bf1ccea6998be3890dcc2371b23f35fe3006562884b45bc534a621d5c12,35.30321029951904,0.9952038526535034,0.016817947777373523,0.049999258994799234,0.026647386879756534,0.911332905292511,19.176057837475305
codlite,0_5000,4ebc0e6c463bcf8ada38673c268aae56d44864347fd74b81a9fb5659bf96a010,31.703262365722722,0.9727283716201782,0.049400631338357925,0.1360048702096238,0.04463471893002005,0.547012984752655,43.92928394990809
codlite,0_5000,50d13125b665e0c4c1673264807bfc3cc7a217819329696843fea4c69aff8b91,31.603009023445146,0.9822940826416016,0.014605119532343986,0.057979210020344264,0.039656920643413765,0.8756142854690552,44.95515076880361
codlite,0_5000,50fe4c3d47d864858e1aaa60fecef5c453b4e18d2b368718eeb5c1e249e0c902,27.19325627984184,0.9773316383361816,0.04845745702860532,0.1102216614663233,0.03981206464914628,0.9199399948120117,124.09512844007202
codlite,0_5000,581048154e3c4b579c79155742dcf643c18b9bb47782aca7f0768eff185bc32e,27.555300683234528,0.9637527465820312,0.07668872333162434,0.16841598849866415,0.05734810200366345,0.32959145307540894,114.16955085726448
codlite,0_5000,608cb09e6ffc66d4bc838d4088bf4c0ab889d7e83d4f5d78805cbc4497e432a1,28.110557849920667,0.9650559425354004,0.04941923346589593,0.12297317517154358,0.04415486285499498,0.3797215521335602,100.46726411308339
codlite,0_5000,79b1bb29124f590c2e99e6c71c18affe25115d594a821cadc58bf24bf94dae8d,25.46728676957912,0.9654902219772339,0.035926428623497486,0.11120085045695305,0.03686726987361908,0.7095476984977722,184.65100847880046
codlite,0_5000,8426ed2245c791232862b0a0b2a62a1f17031e8e6e38921fe939df0b3a05ac41,39.38429665766729,0.9897446036338806,0.02468071971088648,0.10118961101397872,0.024861451238393784,0.21268153190612793,7.4929130872090655
codlite,0_5000,86127fbdb368eb28c3039cf61aff1c4cfdc4ade24070c8f2389968d5ead681e1,27.26608394125186,0.9710134267807007,0.041703554847445645,0.12072976837392713,0.04524693039597058,0.8220362663269043,122.03150481343921
codlite,0_5000,937476dd72f98638f34299dda5e9c252621b5e809c364692fc2934e000583286,19.771902814243827,0.8963582515716553,0.07708511377374332,0.1683002139131228,0.06605157752831776,0.46575313806533813,685.3147503534952
codlite,0_5000,a2a946cc516f9eec0f141da3c31a96df94fe342c651af46f0d38f6c04400323a,30.84483557519329,0.984074592590332,0.029601051213274547,0.08233667318435277,0.026951326166882235,0.5146099328994751,53.52994576248468
codlite,0_5000,a365e6541bab5c0f4e01bf43a0c3a655d88292a8ac45403a889c308d11854555,24.383478089548966,0.9573483467102051,0.052729558966615624,0.12975944495376418,0.04148725218632642,0.8223283886909485,236.99138111787684
codlite,0_5000,b0b3744cc6b5ad6426b1ac02909b4389ea7fc4140d72a888ccdfb21f573a6db4,23.50332433245835,0.9515573382377625,0.0662391314173446,0.14218770090271446,0.044948034777360805,0.9523952603340149,290.2337596220129
codlite,0_5000,bb7344a2ba499b2d48b891abee1b903dc17d265437ac57028b5999b6cd5bcdc4,29.099800351432812,0.9870719909667969,0.0593171832151711,0.08986183442175388,0.058455921709537506,0.5790427327156067,80.00190448760986
codlite,0_5000,c9510efb03d1852c29ecad84cc0558768728681a3b9b04eae0dbbd9be142dd95,35.13748010756816,0.9899362921714783,0.01830766854040763,0.07565227620961035,0.021908942916814018,0.7697191834449768,19.921973134957106
codlite,0_5000,d0208a1e9b4fde642b9752da2907d82d5b530a6e2e6e18ef71d5524a92d1cf9a,24.21846066620574,0.9338350296020508,0.09072256780722562,0.17217240276582102,0.055710391787921684,0.8322963118553162,246.1695287367877
codlite,0_5000,da52c4f66dc00c2f381e8475fbf8a7aa2c5433a9c59cc175646c62e02892faf7,27.135671721545506,0.9790424108505249,0.04602224075180643,0.10483498958980336,0.04876356230062597,0.7514820098876953,125.75150421740962
codlite,0_5000,e0d8e29cadfc99663c7d1a4a5afe20c454ec54d0d873776ec397c59405c74790,32.19432298587675,0.982121467590332,0.03647964612361701,0.10540060468894594,0.03905794497798471,0.5770673751831055,39.23268779679841
codlite,0_5000,ebfd571f1c6824316047a29cb5f376eec15f56dd51821119c1842be068a8b950,26.643121163653536,0.9886431694030762,0.02165124745806679,0.041947543155401945,0.04233822599053383,0.5925303101539612,140.8536950747172
codlite,0_5000,eda6d42794b0d0140628fa90fc0c14a7ba88159b8474d0077027c32ee2ddf6f0,27.062832737095643,0.9633687734603882,0.04983929583948909,0.13883141106834598,0.03824981316631915,0.7792306542396545,127.8783686020795
codlite,0_5000,f67f11de4ca9ebda3db52c41fd3d26c3105687b2d37571e54631a1e4486d0b30,36.15664864801361,0.9793509840965271,0.021711319284376633,0.10288148806156482,0.029374453659151114,0.5889641642570496,15.754894381255106
codlite,0_5000,ff32adfa29d4b5de26293352f53cc983d12d3ededd71fe65ca0ef0d887be65c4,32.910393592728965,0.9844345450401306,0.022375746772569767,0.05861514490097761,0.023826334581655614,0.9103869795799255,33.26909610523897
