cand,key,name,bytes,bytes_base,bytes_res,t_dec,note
s1res,s1L1,02809272b4ca9b08af45771501b741296187c7e26907efb44abbbfcb6cd804f7,12100,12096,0,9.50648021697998,decoder_params=170189955
s1res,s1L1,0369d229ba4c9965d5caeb38c359a027a810968eee930b81520b604e76b4df14,11586,11582,0,9.494745254516602,decoder_params=170189955
s1res,s1L1,07b9f93f170a0381836bdf301280a5b80b2c4be6e66f793a3c335dc200fb4e5b,11444,11440,0,8.310176134109497,decoder_params=170189955
s1res,s1L1,0d154749c7771f58e89ad343653ec4e20d6f037da829f47f5598e5d0a4ab61f0,10025,10021,0,8.746640920639038,decoder_params=170189955
s1res,s1L1,1b4ad095795ac552b38a21d51be7bfaee8e7d0a70619d84767814321df4ed062,8324,8320,0,8.161730289459229,decoder_params=170189955
s1res,s1L1,1cba10ad9bb4ced57e42f7656c5f2a58d32dc6bad084957d2f8d1c78e0fcd224,12033,12029,0,10.819178819656372,decoder_params=170189955
s1res,s1L1,2397c73f8feeb8f630fe055da5551c671794afae80528e8612dc62fc0cf61294,10645,10641,0,8.640092134475708,decoder_params=170189955
s1res,s1L1,2684452db505ddbbb53f42a3f3bcfe86fdd0d6d8d98c029db4b4c6fc1f55b750,11643,11639,0,8.59073257446289,decoder_params=170189955
s1res,s1L1,2a760bf1ccea6998be3890dcc2371b23f35fe3006562884b45bc534a621d5c12,7258,7254,0,5.929222822189331,decoder_params=170189955
s1res,s1L1,4ebc0e6c463bcf8ada38673c268aae56d44864347fd74b81a9fb5659bf96a010,10113,10109,0,9.147293329238892,decoder_params=170189955
s1res,s1L1,50d13125b665e0c4c1673264807bfc3cc7a217819329696843fea4c69aff8b91,10404,10400,0,9.052220821380615,decoder_params=170189955
s1res,s1L1,50fe4c3d47d864858e1aaa60fecef5c453b4e18d2b368718eeb5c1e249e0c902,13836,13832,0,8.127772569656372,decoder_params=170189955
s1res,s1L1,581048154e3c4b579c79155742dcf643c18b9bb47782aca7f0768eff185bc32e,11006,11002,0,9.489482164382935,decoder_params=170189955
s1res,s1L1,608cb09e6ffc66d4bc838d4088bf4c0ab889d7e83d4f5d78805cbc4497e432a1,14860,14856,0,10.604871988296509,decoder_params=170189955
s1res,s1L1,79b1bb29124f590c2e99e6c71c18affe25115d594a821cadc58bf24bf94dae8d,10642,10638,0,8.173385620117188,decoder_params=170189955
s1res,s1L1,8426ed2245c791232862b0a0b2a62a1f17031e8e6e38921fe939df0b3a05ac41,11955,11951,0,12.843423128128052,decoder_params=170189955
s1res,s1L1,86127fbdb368eb28c3039cf61aff1c4cfdc4ade24070c8f2389968d5ead681e1,7517,7513,0,6.452283620834351,decoder_params=170189955
s1res,s1L1,937476dd72f98638f34299dda5e9c252621b5e809c364692fc2934e000583286,11787,11783,0,10.012396335601807,decoder_params=170189955
s1res,s1L1,a2a946cc516f9eec0f141da3c31a96df94fe342c651af46f0d38f6c04400323a,11817,11813,0,9.084458112716675,decoder_params=170189955
s1res,s1L1,a365e6541bab5c0f4e01bf43a0c3a655d88292a8ac45403a889c308d11854555,11854,11850,0,8.779908418655396,decoder_params=170189955
s1res,s1L1,b0b3744cc6b5ad6426b1ac02909b4389ea7fc4140d72a888ccdfb21f573a6db4,10824,10820,0,8.662744045257568,decoder_params=170189955
s1res,s1L1,bb7344a2ba499b2d48b891abee1b903dc17d265437ac57028b5999b6cd5bcdc4,7159,7155,0,6.548441410064697,decoder_params=170189955
s1res,s1L1,c9510efb03d1852c29ecad84cc0558768728681a3b9b04eae0dbbd9be142dd95,12809,12805,0,8.873424291610718,decoder_params=170189955
s1res,s1L1,d0208a1e9b4fde642b9752da2907d82d5b530a6e2e6e18ef71d5524a92d1cf9a,10129,10125,0,9.103899717330933,decoder_params=170189955
s1res,s1L1,da52c4f66dc00c2f381e8475fbf8a7aa2c5433a9c59cc175646c62e02892faf7,13618,13614,0,8.867296934127808,decoder_params=170189955
s1res,s1L1,e0d8e29cadfc99663c7d1a4a5afe20c454ec54d0d873776ec397c59405c74790,8702,8698,0,8.81987452507019,decoder_params=170189955
s1res,s1L1,ebfd571f1c6824316047a29cb5f376eec15f56dd51821119c1842be068a8b950,18134,18130,0,12.836728572845459,decoder_params=170189955
s1res,s1L1,eda6d42794b0d0140628fa90fc0c14a7ba88159b8474d0077027c32ee2ddf6f0,14369,14365,0,10.429032802581787,decoder_params=170189955
s1res,s1L1,f67f11de4ca9ebda3db52c41fd3d26c3105687b2d37571e54631a1e4486d0b30,10972,10968,0,10.378442764282227,decoder_params=170189955
s1res,s1L1,ff32adfa29d4b5de26293352f53cc983d12d3ededd71fe65ca0ef0d887be65c4,13354,13350,0,8.836992263793945,decoder_params=170189955
s1res,s1L2,02809272b4ca9b08af45771501b741296187c7e26907efb44abbbfcb6cd804f7,23753,23749,0,8.884403944015503,decoder_params=170189955
s1res,s1L2,0369d229ba4c9965d5caeb38c359a027a810968eee930b81520b604e76b4df14,19364,19360,0,8.92650032043457,decoder_params=170189955
s1res,s1L2,07b9f93f170a0381836bdf301280a5b80b2c4be6e66f793a3c335dc200fb4e5b,19857,19853,0,8.859816074371338,decoder_params=170189955
s1res,s1L2,0d154749c7771f58e89ad343653ec4e20d6f037da829f47f5598e5d0a4ab61f0,19132,19128,0,8.892190217971802,decoder_params=170189955
s1res,s1L2,1b4ad095795ac552b38a21d51be7bfaee8e7d0a70619d84767814321df4ed062,13561,13557,0,7.676084041595459,decoder_params=170189955
s1res,s1L2,1cba10ad9bb4ced57e42f7656c5f2a58d32dc6bad084957d2f8d1c78e0fcd224,20552,20548,0,10.50268006324768,decoder_params=170189955
s1res,s1L2,2397c73f8feeb8f630fe055da5551c671794afae80528e8612dc62fc0cf61294,19557,19553,0,8.903547763824463,decoder_params=170189955
s1res,s1L2,2684452db505ddbbb53f42a3f3bcfe86fdd0d6d8d98c029db4b4c6fc1f55b750,20765,20761,0,8.977596521377563,decoder_params=170189955
s1res,s1L2,2a760bf1ccea6998be3890dcc2371b23f35fe3006562884b45bc534a621d5c12,11626,11622,0,6.000870943069458,decoder_params=170189955
s1res,s1L2,4ebc0e6c463bcf8ada38673c268aae56d44864347fd74b81a9fb5659bf96a010,17544,17540,0,8.8998863697052,decoder_params=170189955
s1res,s1L2,50d13125b665e0c4c1673264807bfc3cc7a217819329696843fea4c69aff8b91,15872,15868,0,8.860147476196289,decoder_params=170189955
s1res,s1L2,50fe4c3d47d864858e1aaa60fecef5c453b4e18d2b368718eeb5c1e249e0c902,25913,25909,0,8.308091163635254,decoder_params=170189955
s1res,s1L2,581048154e3c4b579c79155742dcf643c18b9bb47782aca7f0768eff185bc32e,20531,20527,0,9.509065389633179,decoder_params=170189955
s1res,s1L2,608cb09e6ffc66d4bc838d4088bf4c0ab889d7e83d4f5d78805cbc4497e432a1,29414,29410,0,10.386589288711548,decoder_params=170189955
s1res,s1L2,79b1bb29124f590c2e99e6c71c18affe25115d594a821cadc58bf24bf94dae8d,19305,19301,0,8.039102792739868,decoder_params=170189955
s1res,s1L2,8426ed2245c791232862b0a0b2a62a1f17031e8e6e38921fe939df0b3a05ac41,20545,20541,0,12.936797618865967,decoder_params=170189955
s1res,s1L2,86127fbdb368eb28c3039cf61aff1c4cfdc4ade24070c8f2389968d5ead681e1,13764,13760,0,6.5073676109313965,decoder_params=170189955
s1res,s1L2,937476dd72f98638f34299dda5e9c252621b5e809c364692fc2934e000583286,20806,20802,0,9.806305170059204,decoder_params=170189955
s1res,s1L2,a2a946cc516f9eec0f141da3c31a96df94fe342c651af46f0d38f6c04400323a,22031,22027,0,8.922691345214844,decoder_params=170189955
s1res,s1L2,a365e6541bab5c0f4e01bf43a0c3a655d88292a8ac45403a889c308d11854555,21588,21584,0,8.832664728164673,decoder_params=170189955
s1res,s1L2,b0b3744cc6b5ad6426b1ac02909b4389ea7fc4140d72a888ccdfb21f573a6db4,19655,19651,0,8.858957290649414,decoder_params=170189955
s1res,s1L2,bb7344a2ba499b2d48b891abee1b903dc17d265437ac57028b5999b6cd5bcdc4,11800,11796,0,6.658724069595337,decoder_params=170189955
s1res,s1L2,c9510efb03d1852c29ecad84cc0558768728681a3b9b04eae0dbbd9be142dd95,22918,22914,0,8.841476440429688,decoder_params=170189955
s1res,s1L2,d0208a1e9b4fde642b9752da2907d82d5b530a6e2e6e18ef71d5524a92d1cf9a,18150,18146,0,8.895220041275024,decoder_params=170189955
s1res,s1L2,da52c4f66dc00c2f381e8475fbf8a7aa2c5433a9c59cc175646c62e02892faf7,28783,28779,0,8.853208541870117,decoder_params=170189955
s1res,s1L2,e0d8e29cadfc99663c7d1a4a5afe20c454ec54d0d873776ec397c59405c74790,14930,14926,0,8.899913311004639,decoder_params=170189955
s1res,s1L2,ebfd571f1c6824316047a29cb5f376eec15f56dd51821119c1842be068a8b950,28593,28589,0,12.855255365371704,decoder_params=170189955
s1res,s1L2,eda6d42794b0d0140628fa90fc0c14a7ba88159b8474d0077027c32ee2ddf6f0,26706,26702,0,10.373777866363525,decoder_params=170189955
s1res,s1L2,f67f11de4ca9ebda3db52c41fd3d26c3105687b2d37571e54631a1e4486d0b30,17612,17608,0,10.34348177909851,decoder_params=170189955
s1res,s1L2,ff32adfa29d4b5de26293352f53cc983d12d3ededd71fe65ca0ef0d887be65c4,23823,23819,0,8.781114101409912,decoder_params=170189955
s1res,s1L3,02809272b4ca9b08af45771501b741296187c7e26907efb44abbbfcb6cd804f7,40546,40542,0,8.920754194259644,decoder_params=170189955
s1res,s1L3,0369d229ba4c9965d5caeb38c359a027a810968eee930b81520b604e76b4df14,31633,31629,0,8.930931091308594,decoder_params=170189955
s1res,s1L3,07b9f93f170a0381836bdf301280a5b80b2c4be6e66f793a3c335dc200fb4e5b,31770,31766,0,8.859195470809937,decoder_params=170189955
s1res,s1L3,0d154749c7771f58e89ad343653ec4e20d6f037da829f47f5598e5d0a4ab61f0,32908,32904,0,8.845563888549805,decoder_params=170189955
s1res,s1L3,1b4ad095795ac552b38a21d51be7bfaee8e7d0a70619d84767814321df4ed062,22722,22718,0,7.672073841094971,decoder_params=170189955
s1res,s1L3,1cba10ad9bb4ced57e42f7656c5f2a58d32dc6bad084957d2f8d1c78e0fcd224,34339,34335,0,10.445793867111206,decoder_params=170189955
s1res,s1L3,2397c73f8feeb8f630fe055da5551c671794afae80528e8612dc62fc0cf61294,32343,32339,0,8.946324825286865,decoder_params=170189955
s1res,s1L3,2684452db505ddbbb53f42a3f3bcfe86fdd0d6d8d98c029db4b4c6fc1f55b750,34116,34112,0,8.937412977218628,decoder_params=170189955
s1res,s1L3,2a760bf1ccea6998be3890dcc2371b23f35fe3006562884b45bc534a621d5c12,18223,18219,0,6.022847652435303,decoder_params=170189955
s1res,s1L3,4ebc0e6c463bcf8ada38673c268aae56d44864347fd74b81a9fb5659bf96a010,28629,28625,0,8.898428678512573,decoder_params=170189955
s1res,s1L3,50d13125b665e0c4c1673264807bfc3cc7a217819329696843fea4c69aff8b91,23876,23872,0,8.82134199142456,decoder_params=170189955
s1res,s1L3,50fe4c3d47d864858e1aaa60fecef5c453b4e18d2b368718eeb5c1e249e0c902,42596,42592,0,8.310499668121338,decoder_params=170189955
s1res,s1L3,581048154e3c4b579c79155742dcf643c18b9bb47782aca7f0768eff185bc32e,34814,34810,0,9.49363112449646,decoder_params=170189955
s1res,s1L3,608cb09e6ffc66d4bc838d4088bf4c0ab889d7e83d4f5d78805cbc4497e432a1,50542,50538,0,10.423946142196655,decoder_params=170189955
s1res,s1L3,79b1bb29124f590c2e99e6c71c18affe25115d594a821cadc58bf24bf94dae8d,31092,31088,0,8.06088137626648,decoder_params=170189955
s1res,s1L3,8426ed2245c791232862b0a0b2a62a1f17031e8e6e38921fe939df0b3a05ac41,34348,34344,0,12.912679195404053,decoder_params=170189955
s1res,s1L3,86127fbdb368eb28c3039cf61aff1c4cfdc4ade24070c8f2389968d5ead681e1,23082,23078,0,6.568055152893066,decoder_params=170189955
s1res,s1L3,937476dd72f98638f34299dda5e9c252621b5e809c364692fc2934e000583286,33160,33156,0,9.853099346160889,decoder_params=170189955
s1res,s1L3,a2a946cc516f9eec0f141da3c31a96df94fe342c651af46f0d38f6c04400323a,36967,36963,0,8.896637678146362,decoder_params=170189955
s1res,s1L3,a365e6541bab5c0f4e01bf43a0c3a655d88292a8ac45403a889c308d11854555,36700,36696,0,8.838960886001587,decoder_params=170189955
s1res,s1L3,b0b3744cc6b5ad6426b1ac02909b4389ea7fc4140d72a888ccdfb21f573a6db4,33114,33110,0,8.830436706542969,decoder_params=170189955
s1res,s1L3,bb7344a2ba499b2d48b891abee1b903dc17d265437ac57028b5999b6cd5bcdc4,18251,18247,0,6.604788303375244,decoder_params=170189955
s1res,s1L3,c9510efb03d1852c29ecad84cc0558768728681a3b9b04eae0dbbd9be142dd95,37916,37912,0,8.782721281051636,decoder_params=170189955
s1res,s1L3,d0208a1e9b4fde642b9752da2907d82d5b530a6e2e6e18ef71d5524a92d1cf9a,30899,30895,0,8.92730975151062,decoder_params=170189955
s1res,s1L3,da52c4f66dc00c2f381e8475fbf8a7aa2c5433a9c59cc175646c62e02892faf7,49171,49167,0,8.89015531539917,decoder_params=170189955
s1res,s1L3,e0d8e29cadfc99663c7d1a4a5afe20c454ec54d0d873776ec397c59405c74790,25087,25083,0,8.876658916473389,decoder_params=170189955
s1res,s1L3,ebfd571f1c6824316047a29cb5f376eec15f56dd51821119c1842be068a8b950,44710,44706,0,12.845180749893188,decoder_params=170189955
s1res,s1L3,eda6d42794b0d0140628fa90fc0c14a7ba88159b8474d0077027c32ee2ddf6f0,44989,44985,0,10.400749921798706,decoder_params=170189955
s1res,s1L3,f67f11de4ca9ebda3db52c41fd3d26c3105687b2d37571e54631a1e4486d0b30,28105,28101,0,10.353315591812134,decoder_params=170189955
s1res,s1L3,ff32adfa29d4b5de26293352f53cc983d12d3ededd71fe65ca0ef0d887be65c4,39626,39622,0,8.789381265640259,decoder_params=170189955
s1res,s1L4,02809272b4ca9b08af45771501b741296187c7e26907efb44abbbfcb6cd804f7,56548,56544,0,8.938236474990845,decoder_params=170189955
s1res,s1L4,0369d229ba4c9965d5caeb38c359a027a810968eee930b81520b604e76b4df14,44964,44960,0,8.912082433700562,decoder_params=170189955
s1res,s1L4,07b9f93f170a0381836bdf301280a5b80b2c4be6e66f793a3c335dc200fb4e5b,44224,44220,0,8.796485185623169,decoder_params=170189955
s1res,s1L4,0d154749c7771f58e89ad343653ec4e20d6f037da829f47f5598e5d0a4ab61f0,45607,45603,0,8.863787174224854,decoder_params=170189955
s1res,s1L4,1b4ad095795ac552b38a21d51be7bfaee8e7d0a70619d84767814321df4ed062,32165,32161,0,7.648840665817261,decoder_params=170189955
s1res,s1L4,1cba10ad9bb4ced57e42f7656c5f2a58d32dc6bad084957d2f8d1c78e0fcd224,47495,47491,0,10.447763681411743,decoder_params=170189955
s1res,s1L4,2397c73f8feeb8f630fe055da5551c671794afae80528e8612dc62fc0cf61294,45803,45799,0,8.922126531600952,decoder_params=170189955
s1res,s1L4,2684452db505ddbbb53f42a3f3bcfe86fdd0d6d8d98c029db4b4c6fc1f55b750,47445,47441,0,8.979767799377441,decoder_params=170189955
s1res,s1L4,2a760bf1ccea6998be3890dcc2371b23f35fe3006562884b45bc534a621d5c12,25717,25713,0,6.038207530975342,decoder_params=170189955
s1res,s1L4,4ebc0e6c463bcf8ada38673c268aae56d44864347fd74b81a9fb5659bf96a010,40363,40359,0,8.883726835250854,decoder_params=170189955
s1res,s1L4,50d13125b665e0c4c1673264807bfc3cc7a217819329696843fea4c69aff8b91,34268,34264,0,8.79254412651062,decoder_params=170189955
s1res,s1L4,50fe4c3d47d864858e1aaa60fecef5c453b4e18d2b368718eeb5c1e249e0c902,59311,59307,0,8.30324411392212,decoder_params=170189955
s1res,s1L4,581048154e3c4b579c79155742dcf643c18b9bb47782aca7f0768eff185bc32e,47976,47972,0,9.448593854904175,decoder_params=170189955
s1res,s1L4,608cb09e6ffc66d4bc838d4088bf4c0ab889d7e83d4f5d78805cbc4497e432a1,68210,68206,0,10.401483058929443,decoder_params=170189955
s1res,s1L4,79b1bb29124f590c2e99e6c71c18affe25115d594a821cadc58bf24bf94dae8d,42715,42711,0,8.041560411453247,decoder_params=170189955
s1res,s1L4,8426ed2245c791232862b0a0b2a62a1f17031e8e6e38921fe939df0b3a05ac41,48896,48892,0,12.87645435333252,decoder_params=170189955
s1res,s1L4,86127fbdb368eb28c3039cf61aff1c4cfdc4ade24070c8f2389968d5ead681e1,31018,31014,0,6.529775142669678,decoder_params=170189955
s1res,s1L4,937476dd72f98638f34299dda5e9c252621b5e809c364692fc2934e000583286,47024,47020,0,9.843066930770874,decoder_params=170189955
s1res,s1L4,a2a946cc516f9eec0f141da3c31a96df94fe342c651af46f0d38f6c04400323a,51773,51769,0,8.927839994430542,decoder_params=170189955
s1res,s1L4,a365e6541bab5c0f4e01bf43a0c3a655d88292a8ac45403a889c308d11854555,51716,51712,0,8.870174407958984,decoder_params=170189955
s1res,s1L4,b0b3744cc6b5ad6426b1ac02909b4389ea7fc4140d72a888ccdfb21f573a6db4,45308,45304,0,8.815932750701904,decoder_params=170189955
s1res,s1L4,bb7344a2ba499b2d48b891abee1b903dc17d265437ac57028b5999b6cd5bcdc4,25338,25334,0,6.631238222122192,decoder_params=170189955
s1res,s1L4,c9510efb03d1852c29ecad84cc0558768728681a3b9b04eae0dbbd9be142dd95,53644,53640,0,8.823022842407227,decoder_params=170189955
s1res,s1L4,d0208a1e9b4fde642b9752da2907d82d5b530a6e2e6e18ef71d5524a92d1cf9a,42507,42503,0,8.944209575653076,decoder_params=170189955
s1res,s1L4,da52c4f66dc00c2f381e8475fbf8a7aa2c5433a9c59cc175646c62e02892faf7,64986,64982,0,8.91824197769165,decoder_params=170189955
s1res,s1L4,e0d8e29cadfc99663c7d1a4a5afe20c454ec54d0d873776ec397c59405c74790,36193,36189,0,8.865108966827393,decoder_params=170189955
s1res,s1L4,ebfd571f1c6824316047a29cb5f376eec15f56dd51821119c1842be068a8b950,62458,62454,0,12.783554792404175,decoder_params=170189955
s1res,s1L4,eda6d42794b0d0140628fa90fc0c14a7ba88159b8474d0077027c32ee2ddf6f0,63562,63558,0,10.394880533218384,decoder_params=170189955
s1res,s1L4,f67f11de4ca9ebda3db52c41fd3d26c3105687b2d37571e54631a1e4486d0b30,39576,39572,0,10.371464252471924,decoder_params=170189955
s1res,s1L4,ff32adfa29d4b5de26293352f53cc983d12d3ededd71fe65ca0ef0d887be65c4,55952,55948,0,8.831714630126953,decoder_params=170189955
s1res,s1L5,02809272b4ca9b08af45771501b741296187c7e26907efb44abbbfcb6cd804f7,74024,74020,0,8.958410024642944,decoder_params=170189955
s1res,s1L5,0369d229ba4c9965d5caeb38c359a027a810968eee930b81520b604e76b4df14,62121,62117,0,8.87269926071167,decoder_params=170189955
s1res,s1L5,07b9f93f170a0381836bdf301280a5b80b2c4be6e66f793a3c335dc200fb4e5b,58307,58303,0,8.861852407455444,decoder_params=170189955
s1res,s1L5,0d154749c7771f58e89ad343653ec4e20d6f037da829f47f5598e5d0a4ab61f0,59029,59025,0,8.930952310562134,decoder_params=170189955
s1res,s1L5,1b4ad095795ac552b38a21d51be7bfaee8e7d0a70619d84767814321df4ed062,40299,40295,0,7.756901264190674,decoder_params=170189955
s1res,s1L5,1cba10ad9bb4ced57e42f7656c5f2a58d32dc6bad084957d2f8d1c78e0fcd224,61495,61491,0,10.510206460952759,decoder_params=170189955
s1res,s1L5,2397c73f8feeb8f630fe055da5551c671794afae80528e8612dc62fc0cf61294,60471,60467,0,8.879617929458618,decoder_params=170189955
s1res,s1L5,2684452db505ddbbb53f42a3f3bcfe86fdd0d6d8d98c029db4b4c6fc1f55b750,62000,61996,0,8.858741521835327,decoder_params=170189955
s1res,s1L5,2a760bf1ccea6998be3890dcc2371b23f35fe3006562884b45bc534a621d5c12,34477,34473,0,6.0506486892700195,decoder_params=170189955
s1res,s1L5,4ebc0e6c463bcf8ada38673c268aae56d44864347fd74b81a9fb5659bf96a010,53033,53029,0,8.957076787948608,decoder_params=170189955
s1res,s1L5,50d13125b665e0c4c1673264807bfc3cc7a217819329696843fea4c69aff8b91,47823,47819,0,8.899622917175293,decoder_params=170189955
s1res,s1L5,50fe4c3d47d864858e1aaa60fecef5c453b4e18d2b368718eeb5c1e249e0c902,77111,77107,0,8.263512372970581,decoder_params=170189955
s1res,s1L5,581048154e3c4b579c79155742dcf643c18b9bb47782aca7f0768eff185bc32e,62101,62097,0,9.399564027786255,decoder_params=170189955
s1res,s1L5,608cb09e6ffc66d4bc838d4088bf4c0ab889d7e83d4f5d78805cbc4497e432a1,85633,85629,0,10.32566213607788,decoder_params=170189955
s1res,s1L5,79b1bb29124f590c2e99e6c71c18affe25115d594a821cadc58bf24bf94dae8d,55044,55040,0,8.066599130630493,decoder_params=170189955
s1res,s1L5,8426ed2245c791232862b0a0b2a62a1f17031e8e6e38921fe939df0b3a05ac41,64513,64509,0,12.971623420715332,decoder_params=170189955
s1res,s1L5,86127fbdb368eb28c3039cf61aff1c4cfdc4ade24070c8f2389968d5ead681e1,38577,38573,0,6.522292613983154,decoder_params=170189955
s1res,s1L5,937476dd72f98638f34299dda5e9c252621b5e809c364692fc2934e000583286,64879,64875,0,9.850815773010254,decoder_params=170189955
s1res,s1L5,a2a946cc516f9eec0f141da3c31a96df94fe342c651af46f0d38f6c04400323a,67233,67229,0,8.90998911857605,decoder_params=170189955
s1res,s1L5,a365e6541bab5c0f4e01bf43a0c3a655d88292a8ac45403a889c308d11854555,67583,67579,0,8.820689678192139,decoder_params=170189955
s1res,s1L5,b0b3744cc6b5ad6426b1ac02909b4389ea7fc4140d72a888ccdfb21f573a6db4,58830,58826,0,8.858926773071289,decoder_params=170189955
s1res,s1L5,bb7344a2ba499b2d48b891abee1b903dc17d265437ac57028b5999b6cd5bcdc4,33736,33732,0,6.654757738113403,decoder_params=170189955
s1res,s1L5,c9510efb03d1852c29ecad84cc0558768728681a3b9b04eae0dbbd9be142dd95,71083,71079,0,8.836534023284912,decoder_params=170189955
s1res,s1L5,d0208a1e9b4fde642b9752da2907d82d5b530a6e2e6e18ef71d5524a92d1cf9a,53663,53659,0,8.942365646362305,decoder_params=170189955
s1res,s1L5,da52c4f66dc00c2f381e8475fbf8a7aa2c5433a9c59cc175646c62e02892faf7,78768,78764,0,8.946372509002686,decoder_params=170189955
s1res,s1L5,e0d8e29cadfc99663c7d1a4a5afe20c454ec54d0d873776ec397c59405c74790,49333,49329,0,8.90493893623352,decoder_params=170189955
s1res,s1L5,ebfd571f1c6824316047a29cb5f376eec15f56dd51821119c1842be068a8b950,83387,83383,0,12.831120252609253,decoder_params=170189955
s1res,s1L5,eda6d42794b0d0140628fa90fc0c14a7ba88159b8474d0077027c32ee2ddf6f0,84982,84978,0,10.391832828521729,decoder_params=170189955
s1res,s1L5,f67f11de4ca9ebda3db52c41fd3d26c3105687b2d37571e54631a1e4486d0b30,53533,53529,0,10.398597955703735,decoder_params=170189955
s1res,s1L5,ff32adfa29d4b5de26293352f53cc983d12d3ededd71fe65ca0ef0d887be65c4,74472,74468,0,8.869482040405273,decoder_params=170189955
s1res,s1L2+qp32,0369d229ba4c9965d5caeb38c359a027a810968eee930b81520b604e76b4df14,37979,19360,18615,nan,
s1res,s1L2+qp32,0d154749c7771f58e89ad343653ec4e20d6f037da829f47f5598e5d0a4ab61f0,55668,19128,36536,nan,
s1res,s1L2+qp32,1cba10ad9bb4ced57e42f7656c5f2a58d32dc6bad084957d2f8d1c78e0fcd224,32162,20548,11610,nan,
s1res,s1L2+qp32,1b4ad095795ac552b38a21d51be7bfaee8e7d0a70619d84767814321df4ed062,46664,13557,33103,nan,
s1res,s1L2+qp32,07b9f93f170a0381836bdf301280a5b80b2c4be6e66f793a3c335dc200fb4e5b,103128,19853,83271,nan,
s1res,s1L2+qp32,2a760bf1ccea6998be3890dcc2371b23f35fe3006562884b45bc534a621d5c12,17756,11622,6130,nan,
s1res,s1L2+qp32,4ebc0e6c463bcf8ada38673c268aae56d44864347fd74b81a9fb5659bf96a010,42561,17540,25017,nan,
s1res,s1L2+qp32,02809272b4ca9b08af45771501b741296187c7e26907efb44abbbfcb6cd804f7,176038,23749,152285,nan,
s1res,s1L2+qp32,2397c73f8feeb8f630fe055da5551c671794afae80528e8612dc62fc0cf61294,89237,19553,69680,nan,
s1res,s1L2+qp32,50d13125b665e0c4c1673264807bfc3cc7a217819329696843fea4c69aff8b91,25623,15868,9751,nan,
s1res,s1L2+qp32,2684452db505ddbbb53f42a3f3bcfe86fdd0d6d8d98c029db4b4c6fc1f55b750,82407,20761,61642,nan,
s1res,s1L2+qp32,581048154e3c4b579c79155742dcf643c18b9bb47782aca7f0768eff185bc32e,125303,20527,104772,nan,
s1res,s1L2+qp32,79b1bb29124f590c2e99e6c71c18affe25115d594a821cadc58bf24bf94dae8d,166144,19301,146839,nan,
s1res,s1L2+qp32,8426ed2245c791232862b0a0b2a62a1f17031e8e6e38921fe939df0b3a05ac41,28021,20541,7476,nan,
s1res,s1L2+qp32,608cb09e6ffc66d4bc838d4088bf4c0ab889d7e83d4f5d78805cbc4497e432a1,154613,29410,125199,nan,
s1res,s1L2+qp32,50fe4c3d47d864858e1aaa60fecef5c453b4e18d2b368718eeb5c1e249e0c902,156686,25909,130773,nan,
s1res,s1L2+qp32,a2a946cc516f9eec0f141da3c31a96df94fe342c651af46f0d38f6c04400323a,82034,22027,60003,nan,
s1res,s1L2+qp32,86127fbdb368eb28c3039cf61aff1c4cfdc4ade24070c8f2389968d5ead681e1,98460,13760,84696,nan,
s1res,s1L2+qp32,bb7344a2ba499b2d48b891abee1b903dc17d265437ac57028b5999b6cd5bcdc4,35145,11796,23345,nan,
s1res,s1L2+qp32,c9510efb03d1852c29ecad84cc0558768728681a3b9b04eae0dbbd9be142dd95,58204,22914,35286,nan,
s1res,s1L2+qp32,a365e6541bab5c0f4e01bf43a0c3a655d88292a8ac45403a889c308d11854555,181570,21584,159982,nan,
s1res,s1L2+qp32,937476dd72f98638f34299dda5e9c252621b5e809c364692fc2934e000583286,374722,20802,353916,nan,
s1res,s1L2+qp32,b0b3744cc6b5ad6426b1ac02909b4389ea7fc4140d72a888ccdfb21f573a6db4,220662,19651,201007,nan,
s1res,s1L2+qp32,e0d8e29cadfc99663c7d1a4a5afe20c454ec54d0d873776ec397c59405c74790,31886,14926,16956,nan,
s1res,s1L2+qp32,ebfd571f1c6824316047a29cb5f376eec15f56dd51821119c1842be068a8b950,132975,28589,104382,nan,
s1res,s1L2+qp32,f67f11de4ca9ebda3db52c41fd3d26c3105687b2d37571e54631a1e4486d0b30,25604,17608,7992,nan,
s1res,s1L2+qp32,da52c4f66dc00c2f381e8475fbf8a7aa2c5433a9c59cc175646c62e02892faf7,198199,28779,169416,nan,
s1res,s1L2+qp32,ff32adfa29d4b5de26293352f53cc983d12d3ededd71fe65ca0ef0d887be65c4,73820,23819,49997,nan,
s1res,s1L2+qp37,0369d229ba4c9965d5caeb38c359a027a810968eee930b81520b604e76b4df14,26912,19360,7548,nan,
s1res,s1L2+qp32,d0208a1e9b4fde642b9752da2907d82d5b530a6e2e6e18ef71d5524a92d1cf9a,193854,18146,175704,nan,
s1res,s1L2+qp32,eda6d42794b0d0140628fa90fc0c14a7ba88159b8474d0077027c32ee2ddf6f0,143524,26702,116818,nan,
s1res,s1L2+qp37,0d154749c7771f58e89ad343653ec4e20d6f037da829f47f5598e5d0a4ab61f0,30330,19128,11198,nan,
s1res,s1L2+qp37,1cba10ad9bb4ced57e42f7656c5f2a58d32dc6bad084957d2f8d1c78e0fcd224,24904,20548,4352,nan,
s1res,s1L2+qp37,1b4ad095795ac552b38a21d51be7bfaee8e7d0a70619d84767814321df4ed062,22464,13557,8903,nan,
s1res,s1L2+qp37,07b9f93f170a0381836bdf301280a5b80b2c4be6e66f793a3c335dc200fb4e5b,49563,19853,29706,nan,
s1res,s1L2+qp37,2a760bf1ccea6998be3890dcc2371b23f35fe3006562884b45bc534a621d5c12,14977,11622,3351,nan,
s1res,s1L2+qp37,2397c73f8feeb8f630fe055da5551c671794afae80528e8612dc62fc0cf61294,49546,19553,29989,nan,
s1res,s1L2+qp37,02809272b4ca9b08af45771501b741296187c7e26907efb44abbbfcb6cd804f7,96248,23749,72495,nan,
s1res,s1L2+qp37,4ebc0e6c463bcf8ada38673c268aae56d44864347fd74b81a9fb5659bf96a010,26897,17540,9353,nan,
s1res,s1L2+qp37,2684452db505ddbbb53f42a3f3bcfe86fdd0d6d8d98c029db4b4c6fc1f55b750,46636,20761,25871,nan,
s1res,s1L2+qp37,50d13125b665e0c4c1673264807bfc3cc7a217819329696843fea4c69aff8b91,19198,15868,3326,nan,
s1res,s1L2+qp37,581048154e3c4b579c79155742dcf643c18b9bb47782aca7f0768eff185bc32e,59802,20527,39271,nan,
s1res,s1L2+qp37,8426ed2245c791232862b0a0b2a62a1f17031e8e6e38921fe939df0b3a05ac41,23833,20541,3288,nan,
s1res,s1L2+qp37,50fe4c3d47d864858e1aaa60fecef5c453b4e18d2b368718eeb5c1e249e0c902,82316,25909,56403,nan,
s1res,s1L2+qp37,608cb09e6ffc66d4bc838d4088bf4c0ab889d7e83d4f5d78805cbc4497e432a1,85215,29410,55801,nan,
s1res,s1L2+qp37,79b1bb29124f590c2e99e6c71c18affe25115d594a821cadc58bf24bf94dae8d,80923,19301,61618,nan,
s1res,s1L2+qp37,86127fbdb368eb28c3039cf61aff1c4cfdc4ade24070c8f2389968d5ead681e1,44242,13760,30478,nan,
s1res,s1L2+qp37,a2a946cc516f9eec0f141da3c31a96df94fe342c651af46f0d38f6c04400323a,49072,22027,27041,nan,
s1res,s1L2+qp37,bb7344a2ba499b2d48b891abee1b903dc17d265437ac57028b5999b6cd5bcdc4,22706,11796,10906,nan,
s1res,s1L2+qp37,c9510efb03d1852c29ecad84cc0558768728681a3b9b04eae0dbbd9be142dd95,40723,22914,17805,nan,
s1res,s1L2+qp37,a365e6541bab5c0f4e01bf43a0c3a655d88292a8ac45403a889c308d11854555,88126,21584,66538,nan,
s1res,s1L2+qp37,937476dd72f98638f34299dda5e9c252621b5e809c364692fc2934e000583286,182258,20802,161452,nan,
s1res,s1L2+qp37,b0b3744cc6b5ad6426b1ac02909b4389ea7fc4140d72a888ccdfb21f573a6db4,101091,19651,81436,nan,
s1res,s1L2+qp37,e0d8e29cadfc99663c7d1a4a5afe20c454ec54d0d873776ec397c59405c74790,19361,14926,4431,nan,
s1res,s1L2+qp37,ebfd571f1c6824316047a29cb5f376eec15f56dd51821119c1842be068a8b950,80170,28589,51577,nan,
s1res,s1L2+qp37,d0208a1e9b4fde642b9752da2907d82d5b530a6e2e6e18ef71d5524a92d1cf9a,72206,18146,54056,nan,
s1res,s1L2+qp37,f67f11de4ca9ebda3db52c41fd3d26c3105687b2d37571e54631a1e4486d0b30,21055,17608,3443,nan,
s1res,s1L2+qp37,da52c4f66dc00c2f381e8475fbf8a7aa2c5433a9c59cc175646c62e02892faf7,108985,28779,80202,nan,
s1res,s1L2+qp42,0369d229ba4c9965d5caeb38c359a027a810968eee930b81520b604e76b4df14,22531,19360,3167,nan,
s1res,s1L2+qp37,eda6d42794b0d0140628fa90fc0c14a7ba88159b8474d0077027c32ee2ddf6f0,74614,26702,47908,nan,
s1res,s1L2+qp37,ff32adfa29d4b5de26293352f53cc983d12d3ededd71fe65ca0ef0d887be65c4,48000,23819,24177,nan,
s1res,s1L2+qp42,0d154749c7771f58e89ad343653ec4e20d6f037da829f47f5598e5d0a4ab61f0,22070,19128,2938,nan,
s1res,s1L2+qp42,07b9f93f170a0381836bdf301280a5b80b2c4be6e66f793a3c335dc200fb4e5b,29312,19853,9455,nan,
s1res,s1L2+qp42,1b4ad095795ac552b38a21d51be7bfaee8e7d0a70619d84767814321df4ed062,15971,13557,2410,nan,
s1res,s1L2+qp42,1cba10ad9bb4ced57e42f7656c5f2a58d32dc6bad084957d2f8d1c78e0fcd224,22437,20548,1885,nan,
s1res,s1L2+qp42,2a760bf1ccea6998be3890dcc2371b23f35fe3006562884b45bc534a621d5c12,13397,11622,1771,nan,
s1res,s1L2+qp42,02809272b4ca9b08af45771501b741296187c7e26907efb44abbbfcb6cd804f7,52955,23749,29202,nan,
s1res,s1L2+qp42,4ebc0e6c463bcf8ada38673c268aae56d44864347fd74b81a9fb5659bf96a010,20481,17540,2937,nan,
s1res,s1L2+qp42,50d13125b665e0c4c1673264807bfc3cc7a217819329696843fea4c69aff8b91,17191,15868,1319,nan,
s1res,s1L2+qp42,2397c73f8feeb8f630fe055da5551c671794afae80528e8612dc62fc0cf61294,30426,19553,10869,nan,
s1res,s1L2+qp42,2684452db505ddbbb53f42a3f3bcfe86fdd0d6d8d98c029db4b4c6fc1f55b750,29969,20761,9204,nan,
s1res,s1L2+qp42,581048154e3c4b579c79155742dcf643c18b9bb47782aca7f0768eff185bc32e,31872,20527,11341,nan,
s1res,s1L2+qp42,8426ed2245c791232862b0a0b2a62a1f17031e8e6e38921fe939df0b3a05ac41,22113,20541,1568,nan,
s1res,s1L2+qp42,50fe4c3d47d864858e1aaa60fecef5c453b4e18d2b368718eeb5c1e249e0c902,47778,25909,21865,nan,
s1res,s1L2+qp42,608cb09e6ffc66d4bc838d4088bf4c0ab889d7e83d4f5d78805cbc4497e432a1,51192,29410,21778,nan,
s1res,s1L2+qp42,86127fbdb368eb28c3039cf61aff1c4cfdc4ade24070c8f2389968d5ead681e1,22904,13760,9140,nan,
s1res,s1L2+qp42,79b1bb29124f590c2e99e6c71c18affe25115d594a821cadc58bf24bf94dae8d,41366,19301,22061,nan,
s1res,s1L2+qp42,a2a946cc516f9eec0f141da3c31a96df94fe342c651af46f0d38f6c04400323a,32713,22027,10682,nan,
s1res,s1L2+qp42,bb7344a2ba499b2d48b891abee1b903dc17d265437ac57028b5999b6cd5bcdc4,16142,11796,4342,nan,
s1res,s1L2+qp42,c9510efb03d1852c29ecad84cc0558768728681a3b9b04eae0dbbd9be142dd95,30881,22914,7963,nan,
s1res,s1L2+qp42,a365e6541bab5c0f4e01bf43a0c3a655d88292a8ac45403a889c308d11854555,44943,21584,23355,nan,
s1res,s1L2+qp42,937476dd72f98638f34299dda5e9c252621b5e809c364692fc2934e000583286,61256,20802,40450,nan,
s1res,s1L2+qp42,e0d8e29cadfc99663c7d1a4a5afe20c454ec54d0d873776ec397c59405c74790,16420,14926,1490,nan,
s1res,s1L2+qp42,b0b3744cc6b5ad6426b1ac02909b4389ea7fc4140d72a888ccdfb21f573a6db4,46087,19651,26432,nan,
s1res,s1L2+qp42,d0208a1e9b4fde642b9752da2907d82d5b530a6e2e6e18ef71d5524a92d1cf9a,30874,18146,12724,nan,
s1res,s1L2+qp42,f67f11de4ca9ebda3db52c41fd3d26c3105687b2d37571e54631a1e4486d0b30,19156,17608,1544,nan,
s1res,s1L2+qp42,ff32adfa29d4b5de26293352f53cc983d12d3ededd71fe65ca0ef0d887be65c4,34919,23819,11096,nan,
s1res,s1L2+qp42,ebfd571f1c6824316047a29cb5f376eec15f56dd51821119c1842be068a8b950,45927,28589,17334,nan,
s1res,s1L2+qp47,0369d229ba4c9965d5caeb38c359a027a810968eee930b81520b604e76b4df14,20655,19360,1291,nan,
s1res,s1L2+qp42,da52c4f66dc00c2f381e8475fbf8a7aa2c5433a9c59cc175646c62e02892faf7,61581,28779,32798,nan,
s1res,s1L2+qp42,eda6d42794b0d0140628fa90fc0c14a7ba88159b8474d0077027c32ee2ddf6f0,44087,26702,17381,nan,
s1res,s1L2+qp47,1b4ad095795ac552b38a21d51be7bfaee8e7d0a70619d84767814321df4ed062,14410,13557,849,nan,
s1res,s1L2+qp47,0d154749c7771f58e89ad343653ec4e20d6f037da829f47f5598e5d0a4ab61f0,20172,19128,1040,nan,
s1res,s1L2+qp47,07b9f93f170a0381836bdf301280a5b80b2c4be6e66f793a3c335dc200fb4e5b,22511,19853,2654,nan,
s1res,s1L2+qp47,1cba10ad9bb4ced57e42f7656c5f2a58d32dc6bad084957d2f8d1c78e0fcd224,21445,20548,893,nan,
s1res,s1L2+qp47,2a760bf1ccea6998be3890dcc2371b23f35fe3006562884b45bc534a621d5c12,12337,11622,711,nan,
s1res,s1L2+qp47,2397c73f8feeb8f630fe055da5551c671794afae80528e8612dc62fc0cf61294,22303,19553,2746,nan,
s1res,s1L2+qp47,02809272b4ca9b08af45771501b741296187c7e26907efb44abbbfcb6cd804f7,32736,23749,8983,nan,
s1res,s1L2+qp47,50d13125b665e0c4c1673264807bfc3cc7a217819329696843fea4c69aff8b91,16522,15868,650,nan,
s1res,s1L2+qp47,4ebc0e6c463bcf8ada38673c268aae56d44864347fd74b81a9fb5659bf96a010,18546,17540,1002,nan,
s1res,s1L2+qp47,2684452db505ddbbb53f42a3f3bcfe86fdd0d6d8d98c029db4b4c6fc1f55b750,23737,20761,2972,nan,
s1res,s1L2+qp47,581048154e3c4b579c79155742dcf643c18b9bb47782aca7f0768eff185bc32e,23163,20527,2632,nan,
s1res,s1L2+qp47,8426ed2245c791232862b0a0b2a62a1f17031e8e6e38921fe939df0b3a05ac41,21240,20541,695,nan,
s1res,s1L2+qp47,608cb09e6ffc66d4bc838d4088bf4c0ab889d7e83d4f5d78805cbc4497e432a1,35758,29410,6344,nan,
s1res,s1L2+qp47,50fe4c3d47d864858e1aaa60fecef5c453b4e18d2b368718eeb5c1e249e0c902,32938,25909,7025,nan,
s1res,s1L2+qp47,79b1bb29124f590c2e99e6c71c18affe25115d594a821cadc58bf24bf94dae8d,25365,19301,6060,nan,
s1res,s1L2+qp47,86127fbdb368eb28c3039cf61aff1c4cfdc4ade24070c8f2389968d5ead681e1,16284,13760,2520,nan,
s1res,s1L2+qp47,a2a946cc516f9eec0f141da3c31a96df94fe342c651af46f0d38f6c04400323a,25404,22027,3373,nan,
s1res,s1L2+qp47,bb7344a2ba499b2d48b891abee1b903dc17d265437ac57028b5999b6cd5bcdc4,13058,11796,1258,nan,
s1res,s1L2+qp47,a365e6541bab5c0f4e01bf43a0c3a655d88292a8ac45403a889c308d11854555,27391,21584,5803,nan,
s1res,s1L2+qp47,c9510efb03d1852c29ecad84cc0558768728681a3b9b04eae0dbbd9be142dd95,26051,22914,3133,nan,
s1res,s1L2+qp47,937476dd72f98638f34299dda5e9c252621b5e809c364692fc2934e000583286,31373,20802,10567,nan,
s1res,s1L2+qp47,b0b3744cc6b5ad6426b1ac02909b4389ea7fc4140d72a888ccdfb21f573a6db4,25617,19651,5962,nan,
s1res,s1L2+qp47,e0d8e29cadfc99663c7d1a4a5afe20c454ec54d0d873776ec397c59405c74790,15676,14926,746,nan,
s1res,s1L2+qp47,d0208a1e9b4fde642b9752da2907d82d5b530a6e2e6e18ef71d5524a92d1cf9a,20645,18146,2495,nan,
s1res,s1L2+qp47,f67f11de4ca9ebda3db52c41fd3d26c3105687b2d37571e54631a1e4486d0b30,18300,17608,688,nan,
s1res,s1L2+qp47,ff32adfa29d4b5de26293352f53cc983d12d3ededd71fe65ca0ef0d887be65c4,28224,23819,4401,nan,
s1res,s1L2+qp47,da52c4f66dc00c2f381e8475fbf8a7aa2c5433a9c59cc175646c62e02892faf7,37912,28779,9129,nan,
s1res,s1L2+qp47,ebfd571f1c6824316047a29cb5f376eec15f56dd51821119c1842be068a8b950,32427,28589,3834,nan,
s1res,s1L2+qp47,eda6d42794b0d0140628fa90fc0c14a7ba88159b8474d0077027c32ee2ddf6f0,31767,26702,5061,nan,
s1res,s1L3+qp32,0369d229ba4c9965d5caeb38c359a027a810968eee930b81520b604e76b4df14,47643,31629,16010,nan,
s1res,s1L3+qp32,0d154749c7771f58e89ad343653ec4e20d6f037da829f47f5598e5d0a4ab61f0,65465,32904,32557,nan,
s1res,s1L3+qp32,1cba10ad9bb4ced57e42f7656c5f2a58d32dc6bad084957d2f8d1c78e0fcd224,43125,34335,8786,nan,
s1res,s1L3+qp32,1b4ad095795ac552b38a21d51be7bfaee8e7d0a70619d84767814321df4ed062,53401,22718,30679,nan,
s1res,s1L3+qp32,07b9f93f170a0381836bdf301280a5b80b2c4be6e66f793a3c335dc200fb4e5b,111361,31766,79591,nan,
s1res,s1L3+qp32,2a760bf1ccea6998be3890dcc2371b23f35fe3006562884b45bc534a621d5c12,23898,18219,5675,nan,
s1res,s1L3+qp32,4ebc0e6c463bcf8ada38673c268aae56d44864347fd74b81a9fb5659bf96a010,50493,28625,21864,nan,
s1res,s1L3+qp32,50d13125b665e0c4c1673264807bfc3cc7a217819329696843fea4c69aff8b91,33932,23872,10056,nan,
s1res,s1L3+qp32,2397c73f8feeb8f630fe055da5551c671794afae80528e8612dc62fc0cf61294,100277,32339,67934,nan,
s1res,s1L3+qp32,2684452db505ddbbb53f42a3f3bcfe86fdd0d6d8d98c029db4b4c6fc1f55b750,91171,34112,57055,nan,
s1res,s1L3+qp32,02809272b4ca9b08af45771501b741296187c7e26907efb44abbbfcb6cd804f7,181907,40542,141361,nan,
s1res,s1L3+qp32,581048154e3c4b579c79155742dcf643c18b9bb47782aca7f0768eff185bc32e,133245,34810,98431,nan,
s1res,s1L3+qp32,79b1bb29124f590c2e99e6c71c18affe25115d594a821cadc58bf24bf94dae8d,170665,31088,139573,nan,
s1res,s1L3+qp32,8426ed2245c791232862b0a0b2a62a1f17031e8e6e38921fe939df0b3a05ac41,40591,34344,6243,nan,
s1res,s1L3+qp32,608cb09e6ffc66d4bc838d4088bf4c0ab889d7e83d4f5d78805cbc4497e432a1,171188,50538,120646,nan,
s1res,s1L3+qp32,50fe4c3d47d864858e1aaa60fecef5c453b4e18d2b368718eeb5c1e249e0c902,162291,42592,119695,nan,
s1res,s1L3+qp32,a2a946cc516f9eec0f141da3c31a96df94fe342c651af46f0d38f6c04400323a,93733,36963,56766,nan,
s1res,s1L3+qp32,86127fbdb368eb28c3039cf61aff1c4cfdc4ade24070c8f2389968d5ead681e1,101882,23078,78800,nan,
s1res,s1L3+qp32,bb7344a2ba499b2d48b891abee1b903dc17d265437ac57028b5999b6cd5bcdc4,41000,18247,22749,nan,
s1res,s1L3+qp32,c9510efb03d1852c29ecad84cc0558768728681a3b9b04eae0dbbd9be142dd95,68537,37912,30621,nan,
s1res,s1L3+qp32,a365e6541bab5c0f4e01bf43a0c3a655d88292a8ac45403a889c308d11854555,187011,36696,150311,nan,
s1res,s1L3+qp32,937476dd72f98638f34299dda5e9c252621b5e809c364692fc2934e000583286,374128,33156,340968,nan,
s1res,s1L3+qp32,b0b3744cc6b5ad6426b1ac02909b4389ea7fc4140d72a888ccdfb21f573a6db4,232655,33110,199541,nan,
s1res,s1L3+qp32,e0d8e29cadfc99663c7d1a4a5afe20c454ec54d0d873776ec397c59405c74790,43209,25083,18122,nan,
s1res,s1L3+qp32,ebfd571f1c6824316047a29cb5f376eec15f56dd51821119c1842be068a8b950,147047,44706,102337,nan,
s1res,s1L3+qp32,f67f11de4ca9ebda3db52c41fd3d26c3105687b2d37571e54631a1e4486d0b30,35239,28101,7134,nan,
s1res,s1L3+qp32,da52c4f66dc00c2f381e8475fbf8a7aa2c5433a9c59cc175646c62e02892faf7,211681,49167,162510,nan,
s1res,s1L3+qp32,ff32adfa29d4b5de26293352f53cc983d12d3ededd71fe65ca0ef0d887be65c4,82797,39622,43171,nan,
s1res,s1L3+qp32,d0208a1e9b4fde642b9752da2907d82d5b530a6e2e6e18ef71d5524a92d1cf9a,200234,30895,169335,nan,
s1res,s1L3+qp37,0369d229ba4c9965d5caeb38c359a027a810968eee930b81520b604e76b4df14,37527,31629,5894,nan,
s1res,s1L3+qp37,0d154749c7771f58e89ad343653ec4e20d6f037da829f47f5598e5d0a4ab61f0,41263,32904,8355,nan,
s1res,s1L3+qp32,eda6d42794b0d0140628fa90fc0c14a7ba88159b8474d0077027c32ee2ddf6f0,153401,44985,108412,nan,
s1res,s1L3+qp37,1cba10ad9bb4ced57e42f7656c5f2a58d32dc6bad084957d2f8d1c78e0fcd224,37307,34335,2968,nan,
s1res,s1L3+qp37,1b4ad095795ac552b38a21d51be7bfaee8e7d0a70619d84767814321df4ed062,30185,22718,7463,nan,
s1res,s1L3+qp37,07b9f93f170a0381836bdf301280a5b80b2c4be6e66f793a3c335dc200fb4e5b,59044,31766,27274,nan,
s1res,s1L3+qp37,2a760bf1ccea6998be3890dcc2371b23f35fe3006562884b45bc534a621d5c12,21186,18219,2963,nan,
s1res,s1L3+qp37,4ebc0e6c463bcf8ada38673c268aae56d44864347fd74b81a9fb5659bf96a010,36055,28625,7426,nan,
s1res,s1L3+qp37,2397c73f8feeb8f630fe055da5551c671794afae80528e8612dc62fc0cf61294,60685,32339,28342,nan,
s1res,s1L3+qp37,02809272b4ca9b08af45771501b741296187c7e26907efb44abbbfcb6cd804f7,103373,40542,62827,nan,
s1res,s1L3+qp37,50d13125b665e0c4c1673264807bfc3cc7a217819329696843fea4c69aff8b91,27357,23872,3481,nan,
s1res,s1L3+qp37,2684452db505ddbbb53f42a3f3bcfe86fdd0d6d8d98c029db4b4c6fc1f55b750,56932,34112,22816,nan,
s1res,s1L3+qp37,581048154e3c4b579c79155742dcf643c18b9bb47782aca7f0768eff185bc32e,69647,34810,34833,nan,
s1res,s1L3+qp37,8426ed2245c791232862b0a0b2a62a1f17031e8e6e38921fe939df0b3a05ac41,36782,34344,2434,nan,
s1res,s1L3+qp37,50fe4c3d47d864858e1aaa60fecef5c453b4e18d2b368718eeb5c1e249e0c902,91716,42592,49120,nan,
s1res,s1L3+qp37,608cb09e6ffc66d4bc838d4088bf4c0ab889d7e83d4f5d78805cbc4497e432a1,101223,50538,50681,nan,
s1res,s1L3+qp37,79b1bb29124f590c2e99e6c71c18affe25115d594a821cadc58bf24bf94dae8d,88705,31088,57613,nan,
s1res,s1L3+qp37,86127fbdb368eb28c3039cf61aff1c4cfdc4ade24070c8f2389968d5ead681e1,50185,23078,27103,nan,
s1res,s1L3+qp37,a2a946cc516f9eec0f141da3c31a96df94fe342c651af46f0d38f6c04400323a,61247,36963,24280,nan,
s1res,s1L3+qp37,bb7344a2ba499b2d48b891abee1b903dc17d265437ac57028b5999b6cd5bcdc4,28328,18247,10077,nan,
s1res,s1L3+qp37,c9510efb03d1852c29ecad84cc0558768728681a3b9b04eae0dbbd9be142dd95,51945,37912,14029,nan,
s1res,s1L3+qp37,a365e6541bab5c0f4e01bf43a0c3a655d88292a8ac45403a889c308d11854555,96615,36696,59915,nan,
s1res,s1L3+qp37,937476dd72f98638f34299dda5e9c252621b5e809c364692fc2934e000583286,183439,33156,150279,nan,
s1res,s1L3+qp37,b0b3744cc6b5ad6426b1ac02909b4389ea7fc4140d72a888ccdfb21f573a6db4,112563,33110,79449,nan,
s1res,s1L3+qp37,e0d8e29cadfc99663c7d1a4a5afe20c454ec54d0d873776ec397c59405c74790,29057,25083,3970,nan,
s1res,s1L3+qp37,d0208a1e9b4fde642b9752da2907d82d5b530a6e2e6e18ef71d5524a92d1cf9a,81612,30895,50713,nan,
s1res,s1L3+qp37,f67f11de4ca9ebda3db52c41fd3d26c3105687b2d37571e54631a1e4486d0b30,30634,28101,2529,nan,
s1res,s1L3+qp37,ebfd571f1c6824316047a29cb5f376eec15f56dd51821119c1842be068a8b950,95506,44706,50796,nan,
s1res,s1L3+qp37,da52c4f66dc00c2f381e8475fbf8a7aa2c5433a9c59cc175646c62e02892faf7,122812,49167,73641,nan,
s1res,s1L3+qp42,0369d229ba4c9965d5caeb38c359a027a810968eee930b81520b604e76b4df14,33725,31629,2092,nan,
s1res,s1L3+qp37,eda6d42794b0d0140628fa90fc0c14a7ba88159b8474d0077027c32ee2ddf6f0,88161,44985,43172,nan,
s1res,s1L3+qp42,0d154749c7771f58e89ad343653ec4e20d6f037da829f47f5598e5d0a4ab61f0,34881,32904,1973,nan,
s1res,s1L3+qp37,ff32adfa29d4b5de26293352f53cc983d12d3ededd71fe65ca0ef0d887be65c4,58588,39622,18962,nan,
s1res,s1L3+qp42,1b4ad095795ac552b38a21d51be7bfaee8e7d0a70619d84767814321df4ed062,24438,22718,1716,nan,
s1res,s1L3+qp42,1cba10ad9bb4ced57e42f7656c5f2a58d32dc6bad084957d2f8d1c78e0fcd224,35518,34335,1179,nan,
s1res,s1L3+qp42,07b9f93f170a0381836bdf301280a5b80b2c4be6e66f793a3c335dc200fb4e5b,39180,31766,7410,nan,
s1res,s1L3+qp42,2a760bf1ccea6998be3890dcc2371b23f35fe3006562884b45bc534a621d5c12,19636,18219,1413,nan,
s1res,s1L3+qp42,4ebc0e6c463bcf8ada38673c268aae56d44864347fd74b81a9fb5659bf96a010,30487,28625,1858,nan,
s1res,s1L3+qp42,02809272b4ca9b08af45771501b741296187c7e26907efb44abbbfcb6cd804f7,62197,40542,21651,nan,
s1res,s1L3+qp42,50d13125b665e0c4c1673264807bfc3cc7a217819329696843fea4c69aff8b91,24826,23872,950,nan,
s1res,s1L3+qp42,2684452db505ddbbb53f42a3f3bcfe86fdd0d6d8d98c029db4b4c6fc1f55b750,41509,34112,7393,nan,
s1res,s1L3+qp42,2397c73f8feeb8f630fe055da5551c671794afae80528e8612dc62fc0cf61294,41699,32339,9356,nan,
s1res,s1L3+qp42,581048154e3c4b579c79155742dcf643c18b9bb47782aca7f0768eff185bc32e,42533,34810,7719,nan,
s1res,s1L3+qp42,8426ed2245c791232862b0a0b2a62a1f17031e8e6e38921fe939df0b3a05ac41,35399,34344,1051,nan,
s1res,s1L3+qp42,50fe4c3d47d864858e1aaa60fecef5c453b4e18d2b368718eeb5c1e249e0c902,58630,42592,16034,nan,
s1res,s1L3+qp42,608cb09e6ffc66d4bc838d4088bf4c0ab889d7e83d4f5d78805cbc4497e432a1,67468,50538,16926,nan,
s1res,s1L3+qp42,86127fbdb368eb28c3039cf61aff1c4cfdc4ade24070c8f2389968d5ead681e1,30134,23078,7052,nan,
s1res,s1L3+qp42,79b1bb29124f590c2e99e6c71c18affe25115d594a821cadc58bf24bf94dae8d,49541,31088,18449,nan,
s1res,s1L3+qp42,a2a946cc516f9eec0f141da3c31a96df94fe342c651af46f0d38f6c04400323a,45436,36963,8469,nan,
s1res,s1L3+qp42,bb7344a2ba499b2d48b891abee1b903dc17d265437ac57028b5999b6cd5bcdc4,21769,18247,3518,nan,
s1res,s1L3+qp42,c9510efb03d1852c29ecad84cc0558768728681a3b9b04eae0dbbd9be142dd95,43196,37912,5280,nan,
s1res,s1L3+qp42,a365e6541bab5c0f4e01bf43a0c3a655d88292a8ac45403a889c308d11854555,55088,36696,18388,nan,
s1res,s1L3+qp42,937476dd72f98638f34299dda5e9c252621b5e809c364692fc2934e000583286,68222,33156,35062,nan,
s1res,s1L3+qp42,e0d8e29cadfc99663c7d1a4a5afe20c454ec54d0d873776ec397c59405c74790,26256,25083,1169,nan,
s1res,s1L3+qp42,b0b3744cc6b5ad6426b1ac02909b4389ea7fc4140d72a888ccdfb21f573a6db4,56604,33110,23490,nan,
s1res,s1L3+qp42,d0208a1e9b4fde642b9752da2907d82d5b530a6e2e6e18ef71d5524a92d1cf9a,41152,30895,10253,nan,
s1res,s1L3+qp42,f67f11de4ca9ebda3db52c41fd3d26c3105687b2d37571e54631a1e4486d0b30,29129,28101,1024,nan,
s1res,s1L3+qp42,ff32adfa29d4b5de26293352f53cc983d12d3ededd71fe65ca0ef0d887be65c4,47029,39622,7403,nan,
s1res,s1L3+qp42,da52c4f66dc00c2f381e8475fbf8a7aa2c5433a9c59cc175646c62e02892faf7,74616,49167,25445,nan,
s1res,s1L3+qp42,ebfd571f1c6824316047a29cb5f376eec15f56dd51821119c1842be068a8b950,60832,44706,16122,nan,
s1res,s1L3+qp47,0369d229ba4c9965d5caeb38c359a027a810968eee930b81520b604e76b4df14,32354,31629,721,nan,
s1res,s1L3+qp47,07b9f93f170a0381836bdf301280a5b80b2c4be6e66f793a3c335dc200fb4e5b,33137,31766,1367,nan,
s1res,s1L3+qp47,0d154749c7771f58e89ad343653ec4e20d6f037da829f47f5598e5d0a4ab61f0,33615,32904,707,nan,
s1res,s1L3+qp47,1b4ad095795ac552b38a21d51be7bfaee8e7d0a70619d84767814321df4ed062,23277,22718,555,nan,
s1res,s1L3+qp47,1cba10ad9bb4ced57e42f7656c5f2a58d32dc6bad084957d2f8d1c78e0fcd224,34820,34335,481,nan,
s1res,s1L3+qp47,02809272b4ca9b08af45771501b741296187c7e26907efb44abbbfcb6cd804f7,45129,40542,4583,nan,
s1res,s1L3+qp42,eda6d42794b0d0140628fa90fc0c14a7ba88159b8474d0077027c32ee2ddf6f0,58278,44985,13289,nan,
s1res,s1L3+qp47,2a760bf1ccea6998be3890dcc2371b23f35fe3006562884b45bc534a621d5c12,18686,18219,463,nan,
s1res,s1L3+qp47,4ebc0e6c463bcf8ada38673c268aae56d44864347fd74b81a9fb5659bf96a010,29208,28625,579,nan,
s1res,s1L3+qp47,2397c73f8feeb8f630fe055da5551c671794afae80528e8612dc62fc0cf61294,33840,32339,1497,nan,
s1res,s1L3+qp47,50d13125b665e0c4c1673264807bfc3cc7a217819329696843fea4c69aff8b91,24332,23872,456,nan,
s1res,s1L3+qp47,2684452db505ddbbb53f42a3f3bcfe86fdd0d6d8d98c029db4b4c6fc1f55b750,35928,34112,1812,nan,
s1res,s1L3+qp47,581048154e3c4b579c79155742dcf643c18b9bb47782aca7f0768eff185bc32e,36246,34810,1432,nan,
s1res,s1L3+qp47,50fe4c3d47d864858e1aaa60fecef5c453b4e18d2b368718eeb5c1e249e0c902,45921,42592,3325,nan,
s1res,s1L3+qp47,8426ed2245c791232862b0a0b2a62a1f17031e8e6e38921fe939df0b3a05ac41,34746,34344,398,nan,
s1res,s1L3+qp47,608cb09e6ffc66d4bc838d4088bf4c0ab889d7e83d4f5d78805cbc4497e432a1,54199,50538,3657,nan,
s1res,s1L3+qp47,79b1bb29124f590c2e99e6c71c18affe25115d594a821cadc58bf24bf94dae8d,34946,31088,3854,nan,
s1res,s1L3+qp47,86127fbdb368eb28c3039cf61aff1c4cfdc4ade24070c8f2389968d5ead681e1,24366,23078,1284,nan,
s1res,s1L3+qp47,a2a946cc516f9eec0f141da3c31a96df94fe342c651af46f0d38f6c04400323a,39057,36963,2090,nan,
s1res,s1L3+qp47,bb7344a2ba499b2d48b891abee1b903dc17d265437ac57028b5999b6cd5bcdc4,19026,18247,775,nan,
s1res,s1L3+qp47,a365e6541bab5c0f4e01bf43a0c3a655d88292a8ac45403a889c308d11854555,40328,36696,3628,nan,
s1res,s1L3+qp47,c9510efb03d1852c29ecad84cc0558768728681a3b9b04eae0dbbd9be142dd95,39418,37912,1502,nan,
s1res,s1L3+qp47,b0b3744cc6b5ad6426b1ac02909b4389ea7fc4140d72a888ccdfb21f573a6db4,36813,33110,3699,nan,
s1res,s1L3+qp47,d0208a1e9b4fde642b9752da2907d82d5b530a6e2e6e18ef71d5524a92d1cf9a,32403,30895,1504,nan,
s1res,s1L3+qp47,937476dd72f98638f34299dda5e9c252621b5e809c364692fc2934e000583286,41593,33156,8433,nan,
s1res,s1L3+qp47,e0d8e29cadfc99663c7d1a4a5afe20c454ec54d0d873776ec397c59405c74790,25616,25083,529,nan,
s1res,s1L3+qp47,f67f11de4ca9ebda3db52c41fd3d26c3105687b2d37571e54631a1e4486d0b30,28506,28101,401,nan,
s1res,s1L3+qp47,da52c4f66dc00c2f381e8475fbf8a7aa2c5433a9c59cc175646c62e02892faf7,53721,49167,4550,nan,
s1res,s1L3+qp47,eda6d42794b0d0140628fa90fc0c14a7ba88159b8474d0077027c32ee2ddf6f0,47650,44985,2661,nan,
s1res,s1L3+qp47,ebfd571f1c6824316047a29cb5f376eec15f56dd51821119c1842be068a8b950,47251,44706,2541,nan,
s1res,s1L3+qp47,ff32adfa29d4b5de26293352f53cc983d12d3ededd71fe65ca0ef0d887be65c4,41971,39622,2345,nan,
