kind,name,rate,qp,bytes_coded,bytes_total,bpp,n_encodes,scc_flags
vtm420,2a760bf1ccea6998be3890dcc2371b23f35fe3006562884b45bc534a621d5c12,0.075,26,17378,17378,0.0731,4,
vtm420,2684452db505ddbbb53f42a3f3bcfe86fdd0d6d8d98c029db4b4c6fc1f55b750,0.075,43,23767,23767,0.0683,2,
vtmscc,2a760bf1ccea6998be3890dcc2371b23f35fe3006562884b45bc534a621d5c12,0.075,27,17088,17088,0.0719,4,--IBC=1 --PLT=1 --BDPCM=1 --TransformSkip=1 --TransformSkipFast=0
vtmscc,2684452db505ddbbb53f42a3f3bcfe86fdd0d6d8d98c029db4b4c6fc1f55b750,0.075,43,22885,22885,0.0657,2,--IBC=1 --PLT=1 --BDPCM=1 --TransformSkip=1 --TransformSkipFast=0
res,2a760bf1ccea6998be3890dcc2371b23f35fe3006562884b45bc534a621d5c12,0.075,23,9530,16657,0.0701,5,
vtm420,608cb09e6ffc66d4bc838d4088bf4c0ab889d7e83d4f5d78805cbc4497e432a1,0.075,46,30886,30886,0.0739,4,
res,2684452db505ddbbb53f42a3f3bcfe86fdd0d6d8d98c029db4b4c6fc1f55b750,0.075,35,15589,26033,0.0748,5,
vtm420,86127fbdb368eb28c3039cf61aff1c4cfdc4ade24070c8f2389968d5ead681e1,0.075,48,17924,17924,0.0717,4,
vtmscc,608cb09e6ffc66d4bc838d4088bf4c0ab889d7e83d4f5d78805cbc4497e432a1,0.075,47,29556,29556,0.0707,4,--IBC=1 --PLT=1 --BDPCM=1 --TransformSkip=1 --TransformSkipFast=0
res,608cb09e6ffc66d4bc838d4088bf4c0ab889d7e83d4f5d78805cbc4497e432a1,0.075,39,13953,26486,0.0634,5,
vtm420,bb7344a2ba499b2d48b891abee1b903dc17d265437ac57028b5999b6cd5bcdc4,0.075,39,18999,18999,0.0725,3,
vtmscc,86127fbdb368eb28c3039cf61aff1c4cfdc4ade24070c8f2389968d5ead681e1,0.075,48,17096,17096,0.0684,4,--IBC=1 --PLT=1 --BDPCM=1 --TransformSkip=1 --TransformSkipFast=0
vtmscc,bb7344a2ba499b2d48b891abee1b903dc17d265437ac57028b5999b6cd5bcdc4,0.075,39,18283,18283,0.0697,3,--IBC=1 --PLT=1 --BDPCM=1 --TransformSkip=1 --TransformSkipFast=0
res,bb7344a2ba499b2d48b891abee1b903dc17d265437ac57028b5999b6cd5bcdc4,0.075,33,10883,18747,0.0715,6,
vtm420,da52c4f66dc00c2f381e8475fbf8a7aa2c5433a9c59cc175646c62e02892faf7,0.075,51,23884,23884,0.0686,4,
vtm420,ebfd571f1c6824316047a29cb5f376eec15f56dd51821119c1842be068a8b950,0.075,47,38219,38219,0.0729,3,
res,86127fbdb368eb28c3039cf61aff1c4cfdc4ade24070c8f2389968d5ead681e1,0.075,37,9135,16630,0.0666,6,
vtmscc,da52c4f66dc00c2f381e8475fbf8a7aa2c5433a9c59cc175646c62e02892faf7,0.075,51,25649,25649,0.0737,4,--IBC=1 --PLT=1 --BDPCM=1 --TransformSkip=1 --TransformSkipFast=0
vtm420,2684452db505ddbbb53f42a3f3bcfe86fdd0d6d8d98c029db4b4c6fc1f55b750,0.15,37,51097,51097,0.1468,2,
res,da52c4f66dc00c2f381e8475fbf8a7aa2c5433a9c59cc175646c62e02892faf7,0.075,41,9315,19759,0.0568,6,
res,ebfd571f1c6824316047a29cb5f376eec15f56dd51821119c1842be068a8b950,0.075,39,20039,35767,0.0682,5,
vtmscc,ebfd571f1c6824316047a29cb5f376eec15f56dd51821119c1842be068a8b950,0.075,45,39161,39161,0.0747,3,--IBC=1 --PLT=1 --BDPCM=1 --TransformSkip=1 --TransformSkipFast=0
vtm420,2a760bf1ccea6998be3890dcc2371b23f35fe3006562884b45bc534a621d5c12,0.15,17,35081,35081,0.1477,5,
vtmscc,2684452db505ddbbb53f42a3f3bcfe86fdd0d6d8d98c029db4b4c6fc1f55b750,0.15,38,46907,46907,0.1347,2,--IBC=1 --PLT=1 --BDPCM=1 --TransformSkip=1 --TransformSkipFast=0
vtmscc,2a760bf1ccea6998be3890dcc2371b23f35fe3006562884b45bc534a621d5c12,0.15,18,35608,35608,0.1499,5,--IBC=1 --PLT=1 --BDPCM=1 --TransformSkip=1 --TransformSkipFast=0
res,2a760bf1ccea6998be3890dcc2371b23f35fe3006562884b45bc534a621d5c12,0.15,16,25418,32545,0.137,5,
vtm420,608cb09e6ffc66d4bc838d4088bf4c0ab889d7e83d4f5d78805cbc4497e432a1,0.15,41,62152,62152,0.1488,3,
res,2684452db505ddbbb53f42a3f3bcfe86fdd0d6d8d98c029db4b4c6fc1f55b750,0.15,32,33247,43691,0.1255,5,
vtm420,86127fbdb368eb28c3039cf61aff1c4cfdc4ade24070c8f2389968d5ead681e1,0.15,44,34094,34094,0.1365,4,
res,608cb09e6ffc66d4bc838d4088bf4c0ab889d7e83d4f5d78805cbc4497e432a1,0.15,35,43532,56065,0.1342,4,
vtm420,bb7344a2ba499b2d48b891abee1b903dc17d265437ac57028b5999b6cd5bcdc4,0.15,32,38186,38186,0.1457,4,
vtmscc,86127fbdb368eb28c3039cf61aff1c4cfdc4ade24070c8f2389968d5ead681e1,0.15,43,36960,36960,0.1479,4,--IBC=1 --PLT=1 --BDPCM=1 --TransformSkip=1 --TransformSkipFast=0
vtmscc,bb7344a2ba499b2d48b891abee1b903dc17d265437ac57028b5999b6cd5bcdc4,0.15,32,39104,39104,0.1492,3,--IBC=1 --PLT=1 --BDPCM=1 --TransformSkip=1 --TransformSkipFast=0
res,86127fbdb368eb28c3039cf61aff1c4cfdc4ade24070c8f2389968d5ead681e1,0.15,34,28705,36200,0.1449,4,
vtmscc,608cb09e6ffc66d4bc838d4088bf4c0ab889d7e83d4f5d78805cbc4497e432a1,0.15,42,61890,61890,0.1481,4,--IBC=1 --PLT=1 --BDPCM=1 --TransformSkip=1 --TransformSkipFast=0
res,bb7344a2ba499b2d48b891abee1b903dc17d265437ac57028b5999b6cd5bcdc4,0.15,28,28108,35972,0.1372,5,
res,da52c4f66dc00c2f381e8475fbf8a7aa2c5433a9c59cc175646c62e02892faf7,0.15,38,33605,44049,0.1265,2,
vtm420,da52c4f66dc00c2f381e8475fbf8a7aa2c5433a9c59cc175646c62e02892faf7,0.15,46,50571,50571,0.1453,3,
vtm420,ebfd571f1c6824316047a29cb5f376eec15f56dd51821119c1842be068a8b950,0.15,42,73200,73200,0.1396,4,
res,ebfd571f1c6824316047a29cb5f376eec15f56dd51821119c1842be068a8b950,0.15,34,61463,77191,0.1472,4,
vtm420,2684452db505ddbbb53f42a3f3bcfe86fdd0d6d8d98c029db4b4c6fc1f55b750,0.3,32,94820,94820,0.2723,2,
vtmscc,da52c4f66dc00c2f381e8475fbf8a7aa2c5433a9c59cc175646c62e02892faf7,0.15,47,46865,46865,0.1346,3,--IBC=1 --PLT=1 --BDPCM=1 --TransformSkip=1 --TransformSkipFast=0
vtmscc,ebfd571f1c6824316047a29cb5f376eec15f56dd51821119c1842be068a8b950,0.15,39,74577,74577,0.1422,3,--IBC=1 --PLT=1 --BDPCM=1 --TransformSkip=1 --TransformSkipFast=0
vtm420,2a760bf1ccea6998be3890dcc2371b23f35fe3006562884b45bc534a621d5c12,0.3,9,67400,67400,0.2837,5,
vtmscc,2a760bf1ccea6998be3890dcc2371b23f35fe3006562884b45bc534a621d5c12,0.3,11,66207,66207,0.2787,4,--IBC=1 --PLT=1 --BDPCM=1 --TransformSkip=1 --TransformSkipFast=0
vtmscc,2684452db505ddbbb53f42a3f3bcfe86fdd0d6d8d98c029db4b4c6fc1f55b750,0.3,33,92776,92776,0.2665,2,--IBC=1 --PLT=1 --BDPCM=1 --TransformSkip=1 --TransformSkipFast=0
res,2a760bf1ccea6998be3890dcc2371b23f35fe3006562884b45bc534a621d5c12,0.3,9,57822,64949,0.2734,5,
res,2684452db505ddbbb53f42a3f3bcfe86fdd0d6d8d98c029db4b4c6fc1f55b750,0.3,27,93752,104196,0.2993,4,
vtm420,608cb09e6ffc66d4bc838d4088bf4c0ab889d7e83d4f5d78805cbc4497e432a1,0.3,36,113714,113714,0.2722,3,
vtm420,86127fbdb368eb28c3039cf61aff1c4cfdc4ade24070c8f2389968d5ead681e1,0.3,39,69416,69416,0.2778,3,
res,608cb09e6ffc66d4bc838d4088bf4c0ab889d7e83d4f5d78805cbc4497e432a1,0.3,31,99835,112368,0.269,4,
res,86127fbdb368eb28c3039cf61aff1c4cfdc4ade24070c8f2389968d5ead681e1,0.3,31,63144,70639,0.2827,4,
vtm420,bb7344a2ba499b2d48b891abee1b903dc17d265437ac57028b5999b6cd5bcdc4,0.3,24,75644,75644,0.2886,4,
vtmscc,86127fbdb368eb28c3039cf61aff1c4cfdc4ade24070c8f2389968d5ead681e1,0.3,39,65820,65820,0.2634,3,--IBC=1 --PLT=1 --BDPCM=1 --TransformSkip=1 --TransformSkipFast=0
vtmscc,608cb09e6ffc66d4bc838d4088bf4c0ab889d7e83d4f5d78805cbc4497e432a1,0.3,37,118591,118591,0.2839,3,--IBC=1 --PLT=1 --BDPCM=1 --TransformSkip=1 --TransformSkipFast=0
res,bb7344a2ba499b2d48b891abee1b903dc17d265437ac57028b5999b6cd5bcdc4,0.3,22,66580,74444,0.284,4,
vtmscc,bb7344a2ba499b2d48b891abee1b903dc17d265437ac57028b5999b6cd5bcdc4,0.3,25,73631,73631,0.2809,4,--IBC=1 --PLT=1 --BDPCM=1 --TransformSkip=1 --TransformSkipFast=0
vtm420,ebfd571f1c6824316047a29cb5f376eec15f56dd51821119c1842be068a8b950,0.3,33,149059,149059,0.2843,2,
vtm420,da52c4f66dc00c2f381e8475fbf8a7aa2c5433a9c59cc175646c62e02892faf7,0.3,41,95406,95406,0.274,4,
res,da52c4f66dc00c2f381e8475fbf8a7aa2c5433a9c59cc175646c62e02892faf7,0.3,34,86165,96609,0.2775,3,
res,ebfd571f1c6824316047a29cb5f376eec15f56dd51821119c1842be068a8b950,0.3,27,140711,156439,0.2984,3,
vtmscc,da52c4f66dc00c2f381e8475fbf8a7aa2c5433a9c59cc175646c62e02892faf7,0.3,41,104187,104187,0.2993,3,--IBC=1 --PLT=1 --BDPCM=1 --TransformSkip=1 --TransformSkipFast=0
vtmscc,ebfd571f1c6824316047a29cb5f376eec15f56dd51821119c1842be068a8b950,0.3,29,155329,155329,0.2963,4,--IBC=1 --PLT=1 --BDPCM=1 --TransformSkip=1 --TransformSkipFast=0
